{
  "slug": "age",
  "title": "Age Calculator",
  "shortTitle": "Age",
  "category": "datetime",
  "description": "Calculate your exact age in years, months, days, hours, and minutes from your birth date.",
  "introduction": "Want to know your precise age down to the day, hour, and minute? Our age calculator computes your exact age from your date of birth to any target date you choose. Whether you need to know your age for official documents, satisfy your curiosity, or calculate someone else's age, this tool provides accurate results instantly. Beyond years, you can see your age broken down into months, weeks, days, hours, and even minutes. It's also useful for calculating the age difference between two people or finding out how many days until your next birthday.",
  "icon": "🎂",
  "inputs": [
    {
      "id": "birthDate",
      "label": "Date of Birth",
      "type": "date",
      "helpText": "Enter your birth date",
      "validation": { "required": true }
    },
    {
      "id": "targetDate",
      "label": "Calculate Age As Of",
      "type": "date",
      "helpText": "The date to calculate age at (defaults to today)",
      "validation": { "required": false }
    }
  ],
  "outputs": [
    {
      "id": "ageYears",
      "label": "Age in Years",
      "format": "number",
      "precision": 0,
      "highlight": true
    },
    {
      "id": "ageDetailed",
      "label": "Detailed Age",
      "format": "text",
      "helpText": "Years, months, and days"
    },
    {
      "id": "totalMonths",
      "label": "Total Months",
      "format": "number",
      "precision": 0
    },
    {
      "id": "totalWeeks",
      "label": "Total Weeks",
      "format": "number",
      "precision": 0
    },
    {
      "id": "totalDays",
      "label": "Total Days",
      "format": "number",
      "precision": 0
    },
    {
      "id": "totalHours",
      "label": "Total Hours",
      "format": "number",
      "precision": 0
    },
    {
      "id": "nextBirthday",
      "label": "Next Birthday",
      "format": "text"
    },
    {
      "id": "daysUntilBirthday",
      "label": "Days Until Birthday",
      "format": "number",
      "precision": 0
    }
  ],
  "formula": {
    "description": "Age is calculated as the difference between the birth date and target date.",
    "formula": "Age = Target Date - Birth Date",
    "pseudocode": "1. Parse both dates\n2. Calculate year difference\n3. Adjust for whether birthday has occurred this year\n4. Calculate remaining months and days\n5. Convert to other units (weeks, days, hours)",
    "variables": [
      { "name": "Years", "description": "Complete years of age" },
      { "name": "Months", "description": "Additional months beyond complete years" },
      { "name": "Days", "description": "Additional days beyond complete months" }
    ]
  },
  "formulaId": "age",
  "howToUse": "1. Enter your date of birth\n2. Optionally change the target date (defaults to today)\n3. Click Calculate to see your exact age",
  "examples": [
    {
      "title": "Calculate Current Age",
      "description": "Finding age from a birth date of January 15, 1990",
      "inputs": {
        "birthDate": "1990-01-15",
        "targetDate": "2024-12-01"
      },
      "expectedOutputs": {
        "ageYears": 34,
        "totalDays": 12739
      }
    }
  ],
  "faq": [
    {
      "question": "How is age calculated for legal purposes?",
      "answer": "For most legal purposes, you're considered a certain age on your birthday. For example, you turn 18 at midnight on your 18th birthday. Some jurisdictions count differently, so check local laws for specific requirements."
    },
    {
      "question": "Why does my age in months seem off?",
      "answer": "Months have different lengths (28-31 days), so age in months is an approximation. The calculator uses calendar months, which may result in slight variations depending on the specific months involved."
    },
    {
      "question": "Can I calculate someone else's age?",
      "answer": "Yes! Simply enter any birth date to calculate any person's age. This is useful for verifying ages for family members, historical figures, or age requirements."
    }
  ],
  "relatedCalculators": [
    { "slug": "date", "title": "Date Calculator" },
    { "slug": "time", "title": "Time Calculator" },
    { "slug": "hours", "title": "Hours Calculator" },
    { "slug": "pregnancy", "title": "Pregnancy Calculator" }
  ],
  "seo": {
    "title": "Age Calculator - Calculate Exact Age in Years, Months & Days",
    "description": "Free age calculator to find your exact age from birth date. Get age in years, months, days, hours. Find days until next birthday.",
    "keywords": ["age calculator", "calculate age", "birthday calculator", "how old am I", "exact age calculator", "age in days"]
  },
  "isImplemented": true,
  "lastUpdated": "2024-12-01",
  "version": "1.0.0"
}
