{
  "slug": "amortization",
  "title": "Amortization Calculator",
  "shortTitle": "Amortization",
  "category": "finance",
  "description": "Generate a complete amortization schedule showing payment breakdowns over the life of a loan.",
  "introduction": "Understanding how each loan payment is split between principal and interest is crucial for financial planning. Our amortization calculator generates a complete payment schedule for your loan, showing exactly how much of each payment goes toward reducing your balance versus paying interest. Watch your loan balance decrease over time and see how extra payments can accelerate payoff. This detailed view helps you understand the true cost of borrowing and make informed decisions about refinancing or prepayment strategies.",
  "icon": "📊",
  "inputs": [
    { "id": "loanAmount", "label": "Loan Amount", "type": "currency", "placeholder": "200000", "defaultValue": 200000, "validation": { "required": true, "min": 1000 }, "unit": "$", "unitPosition": "prefix" },
    { "id": "interestRate", "label": "Annual Interest Rate", "type": "percentage", "placeholder": "6.5", "defaultValue": 6.5, "validation": { "required": true, "min": 0.1, "max": 30 }, "unit": "%", "unitPosition": "suffix" },
    { "id": "loanTerm", "label": "Loan Term (years)", "type": "number", "placeholder": "30", "defaultValue": 30, "validation": { "required": true, "min": 1, "max": 50 } },
    { "id": "extraPayment", "label": "Extra Monthly Payment", "type": "currency", "placeholder": "0", "defaultValue": 0, "validation": { "min": 0 }, "unit": "$", "unitPosition": "prefix" }
  ],
  "outputs": [
    { "id": "monthlyPayment", "label": "Monthly Payment", "format": "currency", "precision": 2, "highlight": true },
    { "id": "totalPayment", "label": "Total Payment", "format": "currency", "precision": 2 },
    { "id": "totalInterest", "label": "Total Interest", "format": "currency", "precision": 2 },
    { "id": "payoffDate", "label": "Payoff Date", "format": "text" },
    { "id": "interestSaved", "label": "Interest Saved (Extra Payments)", "format": "currency", "precision": 2 }
  ],
  "formula": {
    "description": "Generates payment schedule with principal/interest breakdown for each payment.",
    "formula": "M = P × [r(1+r)^n] / [(1+r)^n - 1]",
    "pseudocode": "For each payment:\n1. Interest = remaining balance × monthly rate\n2. Principal = payment - interest\n3. New balance = old balance - principal\n4. Repeat until balance is zero"
  },
  "formulaId": "amortization",
  "examples": [{ "title": "30-Year Mortgage Schedule", "description": "$200,000 at 6.5% for 30 years", "inputs": { "loanAmount": 200000, "interestRate": 6.5, "loanTerm": 30, "extraPayment": 0 }, "expectedOutputs": { "monthlyPayment": 1264.14 }}],
  "faq": [
    { "question": "What is amortization?", "answer": "Amortization is the process of paying off a loan over time with regular payments. Each payment includes both principal (reducing loan balance) and interest (cost of borrowing)." },
    { "question": "Why do early payments have more interest?", "answer": "Interest is calculated on the remaining balance. Early on, the balance is highest, so more of each payment goes to interest. As the balance decreases, more goes to principal." },
    { "question": "How do extra payments help?", "answer": "Extra payments go directly to principal, reducing the balance faster. This means less interest accrues over time, potentially saving thousands and shortening the loan term." }
  ],
  "relatedCalculators": [{ "slug": "mortgage", "title": "Mortgage Calculator" }, { "slug": "loan", "title": "Loan Calculator" }],
  "seo": { "title": "Amortization Calculator - Loan Payment Schedule", "description": "Free amortization calculator to generate detailed loan payment schedules. See principal vs interest breakdown for each payment.", "keywords": ["amortization calculator", "amortization schedule", "loan schedule", "payment breakdown"] },
  "isImplemented": false,
  "lastUpdated": "2024-12-01",
  "version": "1.0.0"
}
