{
  "slug": "auto-loan",
  "title": "Auto Loan Calculator",
  "shortTitle": "Auto Loan",
  "category": "finance",
  "description": "Calculate your car payment, total cost, and compare financing options with our auto loan calculator.",
  "introduction": "Buying a car is a significant financial decision, and understanding your loan terms is essential for smart budgeting. Our auto loan calculator helps you estimate monthly car payments based on the vehicle price, down payment, trade-in value, interest rate, and loan term. See exactly how much you'll pay over the life of the loan and compare different scenarios to find the best deal. Whether you're buying new or used, this tool helps you negotiate better terms and stay within your budget. Factor in sales tax and fees to get the complete picture of your car purchase costs.",
  "icon": "🚗",
  "inputs": [
    {
      "id": "vehiclePrice",
      "label": "Vehicle Price",
      "type": "currency",
      "placeholder": "35000",
      "defaultValue": 35000,
      "helpText": "The sticker price or negotiated price of the vehicle",
      "validation": { "required": true, "min": 1000 },
      "unit": "$",
      "unitPosition": "prefix"
    },
    {
      "id": "downPayment",
      "label": "Down Payment",
      "type": "currency",
      "placeholder": "5000",
      "defaultValue": 5000,
      "helpText": "Cash payment at purchase",
      "validation": { "min": 0 },
      "unit": "$",
      "unitPosition": "prefix"
    },
    {
      "id": "tradeInValue",
      "label": "Trade-in Value",
      "type": "currency",
      "placeholder": "0",
      "defaultValue": 0,
      "helpText": "Value of vehicle you're trading in (optional)",
      "validation": { "min": 0 },
      "unit": "$",
      "unitPosition": "prefix"
    },
    {
      "id": "interestRate",
      "label": "Interest Rate (APR)",
      "type": "percentage",
      "placeholder": "6.9",
      "defaultValue": 6.9,
      "helpText": "Annual percentage rate",
      "validation": { "required": true, "min": 0, "max": 30 },
      "unit": "%",
      "unitPosition": "suffix"
    },
    {
      "id": "loanTerm",
      "label": "Loan Term",
      "type": "select",
      "defaultValue": 60,
      "helpText": "Length of the loan in months",
      "options": [
        { "value": 24, "label": "24 months (2 years)" },
        { "value": 36, "label": "36 months (3 years)" },
        { "value": 48, "label": "48 months (4 years)" },
        { "value": 60, "label": "60 months (5 years)" },
        { "value": 72, "label": "72 months (6 years)" },
        { "value": 84, "label": "84 months (7 years)" }
      ]
    },
    {
      "id": "salesTaxRate",
      "label": "Sales Tax Rate",
      "type": "percentage",
      "placeholder": "7",
      "defaultValue": 7,
      "helpText": "State/local sales tax percentage",
      "validation": { "min": 0, "max": 15 },
      "unit": "%",
      "unitPosition": "suffix"
    }
  ],
  "outputs": [
    {
      "id": "monthlyPayment",
      "label": "Monthly Payment",
      "format": "currency",
      "precision": 2,
      "highlight": true
    },
    {
      "id": "loanAmount",
      "label": "Amount Financed",
      "format": "currency",
      "precision": 2
    },
    {
      "id": "totalPayment",
      "label": "Total of Payments",
      "format": "currency",
      "precision": 2
    },
    {
      "id": "totalInterest",
      "label": "Total Interest",
      "format": "currency",
      "precision": 2
    },
    {
      "id": "totalCost",
      "label": "Total Vehicle Cost",
      "format": "currency",
      "precision": 2,
      "helpText": "Including down payment and trade-in"
    }
  ],
  "formula": {
    "description": "Calculates auto loan payments using the standard amortization formula with consideration for taxes and trade-ins.",
    "formula": "M = (P + Tax) × [r(1+r)^n] / [(1+r)^n - 1]",
    "pseudocode": "1. Calculate sales tax = vehicle price × tax rate\n2. Calculate amount financed = vehicle price + tax - down payment - trade-in\n3. Convert annual rate to monthly: r = APR / 12 / 100\n4. Apply loan formula for monthly payment\n5. Total cost = total payments + down payment + trade-in value",
    "variables": [
      { "name": "M", "description": "Monthly payment" },
      { "name": "P", "description": "Vehicle price minus down payment and trade-in" },
      { "name": "Tax", "description": "Sales tax amount" },
      { "name": "r", "description": "Monthly interest rate" },
      { "name": "n", "description": "Number of monthly payments" }
    ]
  },
  "formulaId": "autoLoan",
  "howToUse": "1. Enter the vehicle price\n2. Add your down payment amount\n3. Include trade-in value if applicable\n4. Enter the interest rate offered by your lender\n5. Select your preferred loan term\n6. Add your local sales tax rate\n7. Click Calculate to see your payment breakdown",
  "examples": [
    {
      "title": "New Car Purchase",
      "description": "Financing a $35,000 car with $5,000 down for 60 months",
      "inputs": {
        "vehiclePrice": 35000,
        "downPayment": 5000,
        "tradeInValue": 0,
        "interestRate": 6.9,
        "loanTerm": 60,
        "salesTaxRate": 7
      },
      "expectedOutputs": {
        "monthlyPayment": 635.18,
        "loanAmount": 32450,
        "totalInterest": 5660.80
      }
    }
  ],
  "faq": [
    {
      "question": "What's a good auto loan interest rate?",
      "answer": "As of 2024, good rates range from 4-7% for new cars and 5-9% for used cars with excellent credit. Your actual rate depends on your credit score, loan term, and whether the car is new or used."
    },
    {
      "question": "Should I get a longer loan term for lower payments?",
      "answer": "While longer terms (72-84 months) offer lower monthly payments, you'll pay significantly more in interest and may end up owing more than the car is worth (negative equity). Stick to 48-60 months if possible."
    },
    {
      "question": "Should I put money down on a car?",
      "answer": "Yes, a down payment of 10-20% is recommended. It reduces your monthly payment, lowers total interest paid, and helps you avoid being 'upside down' on your loan."
    }
  ],
  "relatedCalculators": [
    { "slug": "loan", "title": "Loan Calculator" },
    { "slug": "fuel-cost", "title": "Fuel Cost Calculator" },
    { "slug": "payment", "title": "Payment Calculator" },
    { "slug": "interest", "title": "Interest Calculator" }
  ],
  "seo": {
    "title": "Auto Loan Calculator - Calculate Car Payment & Interest",
    "description": "Free auto loan calculator to estimate monthly car payments, total interest, and compare financing options. Includes trade-in and sales tax calculations.",
    "keywords": ["auto loan calculator", "car payment calculator", "car loan calculator", "vehicle financing", "monthly car payment"]
  },
  "isImplemented": true,
  "lastUpdated": "2024-12-01",
  "version": "1.0.0"
}
