{
  "slug": "bmi",
  "title": "BMI Calculator",
  "shortTitle": "BMI",
  "category": "health",
  "description": "Calculate your Body Mass Index (BMI) to assess if your weight is healthy for your height.",
  "introduction": "Body Mass Index (BMI) is a widely used measure to assess whether your weight is appropriate for your height. While it doesn't directly measure body fat, BMI serves as a useful screening tool to identify potential weight problems in adults. Our BMI calculator supports both metric and imperial units, making it easy to get your results regardless of which measurement system you prefer. Remember that BMI is just one indicator of health and doesn't account for factors like muscle mass, bone density, or overall body composition. For a complete health assessment, consult with a healthcare professional.",
  "icon": "⚖️",
  "inputs": [
    {
      "id": "unit",
      "label": "Unit System",
      "type": "radio",
      "defaultValue": "imperial",
      "options": [
        { "value": "imperial", "label": "Imperial (lb, ft/in)" },
        { "value": "metric", "label": "Metric (kg, cm)" }
      ]
    },
    {
      "id": "weight",
      "label": "Weight",
      "type": "number",
      "placeholder": "150",
      "defaultValue": 150,
      "helpText": "Your weight in pounds (lb) or kilograms (kg)",
      "validation": { "required": true, "min": 20, "max": 1000 }
    },
    {
      "id": "heightFeet",
      "label": "Height (feet)",
      "type": "number",
      "placeholder": "5",
      "defaultValue": 5,
      "helpText": "Height in feet (imperial only)",
      "validation": { "required": true, "min": 1, "max": 9 },
      "showWhen": { "inputId": "unit", "value": "imperial" }
    },
    {
      "id": "heightInches",
      "label": "Height (inches)",
      "type": "number",
      "placeholder": "10",
      "defaultValue": 10,
      "helpText": "Additional inches",
      "validation": { "min": 0, "max": 11 },
      "showWhen": { "inputId": "unit", "value": "imperial" }
    },
    {
      "id": "heightCm",
      "label": "Height (cm)",
      "type": "number",
      "placeholder": "175",
      "defaultValue": 175,
      "helpText": "Height in centimeters",
      "validation": { "required": true, "min": 50, "max": 300 },
      "showWhen": { "inputId": "unit", "value": "metric" }
    }
  ],
  "outputs": [
    {
      "id": "bmi",
      "label": "Your BMI",
      "format": "number",
      "precision": 1,
      "highlight": true
    },
    {
      "id": "category",
      "label": "BMI Category",
      "format": "text"
    },
    {
      "id": "healthyWeightRange",
      "label": "Healthy Weight Range",
      "format": "text",
      "helpText": "Weight range for a healthy BMI (18.5-24.9)"
    },
    {
      "id": "idealWeight",
      "label": "Ideal Weight (BMI 22)",
      "format": "text"
    }
  ],
  "formula": {
    "description": "BMI is calculated by dividing weight by height squared.",
    "formula": "BMI = weight (kg) / height (m)²",
    "pseudocode": "For metric: BMI = weight_kg / (height_m)²\nFor imperial: BMI = (weight_lb × 703) / (height_in)²",
    "variables": [
      { "name": "BMI", "description": "Body Mass Index" },
      { "name": "weight", "description": "Body weight" },
      { "name": "height", "description": "Height" }
    ]
  },
  "formulaId": "bmi",
  "howToUse": "1. Select your preferred unit system (Imperial or Metric)\n2. Enter your weight\n3. Enter your height\n4. Click Calculate to see your BMI and category",
  "examples": [
    {
      "title": "Normal BMI Example",
      "description": "A 150 lb person at 5'10\"",
      "inputs": {
        "unit": "imperial",
        "weight": 150,
        "heightFeet": 5,
        "heightInches": 10
      },
      "expectedOutputs": {
        "bmi": 21.5,
        "category": "Normal weight"
      }
    }
  ],
  "faq": [
    {
      "question": "What are the BMI categories?",
      "answer": "BMI categories are: Underweight (below 18.5), Normal weight (18.5-24.9), Overweight (25-29.9), Obese Class I (30-34.9), Obese Class II (35-39.9), and Obese Class III (40 and above)."
    },
    {
      "question": "Is BMI accurate for everyone?",
      "answer": "BMI may not be accurate for athletes with high muscle mass, elderly individuals with reduced muscle mass, pregnant women, or growing children. It's best used as a general screening tool, not a diagnostic measure."
    },
    {
      "question": "What's a healthy BMI?",
      "answer": "A BMI between 18.5 and 24.9 is considered healthy for most adults. However, optimal health depends on many factors beyond BMI, including diet, exercise, and overall lifestyle."
    }
  ],
  "relatedCalculators": [
    { "slug": "calorie", "title": "Calorie Calculator" },
    { "slug": "bmr", "title": "BMR Calculator" },
    { "slug": "body-fat", "title": "Body Fat Calculator" },
    { "slug": "ideal-weight", "title": "Ideal Weight Calculator" }
  ],
  "seo": {
    "title": "BMI Calculator - Calculate Your Body Mass Index",
    "description": "Free BMI calculator to check if your weight is healthy for your height. Supports both metric and imperial units. Get instant results and health category.",
    "keywords": ["BMI calculator", "body mass index", "healthy weight", "BMI chart", "weight calculator", "health calculator"]
  },
  "isImplemented": true,
  "lastUpdated": "2024-12-01",
  "version": "1.0.0"
}
