{
  "slug": "bmr",
  "title": "BMR Calculator",
  "shortTitle": "BMR",
  "category": "health",
  "description": "Calculate your Basal Metabolic Rate - the calories your body burns at rest.",
  "introduction": "Your Basal Metabolic Rate (BMR) is the number of calories your body needs to perform basic life-sustaining functions like breathing, circulation, and cell production while at complete rest. Understanding your BMR is fundamental to managing your weight effectively. Our calculator uses the scientifically validated Mifflin-St Jeor equation, which research shows to be the most accurate for most adults. Combined with your activity level, BMR helps determine your total daily calorie needs for weight loss, maintenance, or gain.",
  "icon": "🔥",
  "inputs": [
    { "id": "gender", "label": "Gender", "type": "radio", "defaultValue": "male", "options": [{ "value": "male", "label": "Male" }, { "value": "female", "label": "Female" }] },
    { "id": "age", "label": "Age", "type": "number", "placeholder": "30", "defaultValue": 30, "validation": { "required": true, "min": 15, "max": 120 } },
    { "id": "weight", "label": "Weight (kg)", "type": "number", "placeholder": "70", "defaultValue": 70, "validation": { "required": true, "min": 30, "max": 300 } },
    { "id": "height", "label": "Height (cm)", "type": "number", "placeholder": "175", "defaultValue": 175, "validation": { "required": true, "min": 100, "max": 250 } },
    { "id": "formula", "label": "Formula", "type": "select", "defaultValue": "mifflin", "options": [{ "value": "mifflin", "label": "Mifflin-St Jeor (recommended)" }, { "value": "harris", "label": "Harris-Benedict (revised)" }, { "value": "katch", "label": "Katch-McArdle (requires body fat %)" }] }
  ],
  "outputs": [
    { "id": "bmr", "label": "Basal Metabolic Rate", "format": "number", "precision": 0, "highlight": true, "unit": "calories/day", "unitPosition": "suffix" },
    { "id": "bmrComparison", "label": "All Formulas Comparison", "format": "text" }
  ],
  "formula": {
    "description": "Multiple formulas available; Mifflin-St Jeor is most accurate for most people.",
    "formula": "Mifflin: BMR = (10 × weight) + (6.25 × height) - (5 × age) + s",
    "pseudocode": "Mifflin-St Jeor:\nMale: BMR = 10×weight(kg) + 6.25×height(cm) - 5×age + 5\nFemale: BMR = 10×weight(kg) + 6.25×height(cm) - 5×age - 161\n\nHarris-Benedict (revised):\nMale: BMR = 88.362 + 13.397×weight + 4.799×height - 5.677×age\nFemale: BMR = 447.593 + 9.247×weight + 3.098×height - 4.330×age"
  },
  "formulaId": "bmr",
  "examples": [{ "title": "Adult Male", "description": "30-year-old male, 70kg, 175cm", "inputs": { "gender": "male", "age": 30, "weight": 70, "height": 175, "formula": "mifflin" }, "expectedOutputs": { "bmr": 1680 }}],
  "faq": [
    { "question": "Why does BMR decrease with age?", "answer": "As we age, we typically lose muscle mass (sarcopenia), which is metabolically active tissue. Hormonal changes also reduce metabolism. Resistance training helps maintain muscle and BMR." },
    { "question": "Which BMR formula is best?", "answer": "Mifflin-St Jeor is most accurate for average individuals. Katch-McArdle is better if you know your body fat % and have above-average muscle mass." },
    { "question": "Can I increase my BMR?", "answer": "Yes! Building muscle mass increases BMR since muscle burns more calories than fat. High-intensity exercise and adequate protein intake support muscle growth." }
  ],
  "relatedCalculators": [{ "slug": "calorie", "title": "Calorie Calculator" }, { "slug": "bmi", "title": "BMI Calculator" }, { "slug": "body-fat", "title": "Body Fat Calculator" }],
  "seo": { "title": "BMR Calculator - Basal Metabolic Rate", "description": "Free BMR calculator using Mifflin-St Jeor equation. Find how many calories your body burns at rest.", "keywords": ["BMR calculator", "basal metabolic rate", "metabolism calculator", "resting calories", "Mifflin-St Jeor"] },
  "isImplemented": false,
  "lastUpdated": "2024-12-01",
  "version": "1.0.0"
}
