{
  "slug": "body-fat",
  "title": "Body Fat Calculator",
  "shortTitle": "Body Fat",
  "category": "health",
  "description": "Estimate your body fat percentage using body measurements and the US Navy method.",
  "introduction": "Body fat percentage is a more meaningful indicator of health than weight alone. Our body fat calculator uses the US Navy circumference method to estimate your body fat percentage using simple body measurements. While not as precise as methods like DEXA scans, this approach provides a reasonable estimate without special equipment. Knowing your body fat percentage helps you set realistic fitness goals, track progress beyond the scale, and understand your overall body composition. Healthy ranges vary by age and gender.",
  "icon": "📏",
  "inputs": [
    { "id": "gender", "label": "Gender", "type": "radio", "defaultValue": "male", "options": [{ "value": "male", "label": "Male" }, { "value": "female", "label": "Female" }] },
    { "id": "height", "label": "Height (cm)", "type": "number", "placeholder": "175", "defaultValue": 175, "validation": { "required": true, "min": 100, "max": 250 } },
    { "id": "neck", "label": "Neck Circumference (cm)", "type": "number", "placeholder": "38", "defaultValue": 38, "helpText": "Measure at the narrowest point", "validation": { "required": true, "min": 20, "max": 80 } },
    { "id": "waist", "label": "Waist Circumference (cm)", "type": "number", "placeholder": "85", "defaultValue": 85, "helpText": "Measure at navel level", "validation": { "required": true, "min": 40, "max": 200 } },
    { "id": "hip", "label": "Hip Circumference (cm)", "type": "number", "placeholder": "95", "defaultValue": 95, "helpText": "Measure at widest point (women only)", "validation": { "min": 50, "max": 200 } }
  ],
  "outputs": [
    { "id": "bodyFatPercent", "label": "Body Fat Percentage", "format": "percentage", "precision": 1, "highlight": true },
    { "id": "category", "label": "Category", "format": "text" },
    { "id": "fatMass", "label": "Fat Mass (estimated)", "format": "text" },
    { "id": "leanMass", "label": "Lean Mass (estimated)", "format": "text" }
  ],
  "formula": {
    "description": "US Navy circumference method for body fat estimation.",
    "formula": "Male: %BF = 86.01×log10(waist-neck) - 70.041×log10(height) + 36.76\nFemale: %BF = 163.205×log10(waist+hip-neck) - 97.684×log10(height) - 78.387",
    "pseudocode": "1. Convert measurements to cm\n2. Apply gender-specific formula\n3. Determine category based on result\n4. Calculate fat/lean mass if weight known"
  },
  "formulaId": "bodyFat",
  "examples": [{ "title": "Male Example", "description": "175cm tall, 38cm neck, 85cm waist", "inputs": { "gender": "male", "height": 175, "neck": 38, "waist": 85 }, "expectedOutputs": { "bodyFatPercent": 18.5 }}],
  "faq": [
    { "question": "What's a healthy body fat percentage?", "answer": "For men: 10-20% (athletes 6-13%). For women: 18-28% (athletes 14-20%). Essential fat minimums are 2-5% (men) and 10-13% (women)." },
    { "question": "How accurate is this method?", "answer": "The Navy method is typically within 3-4% of more precise methods like DEXA. Accuracy improves with consistent measurement technique and timing." },
    { "question": "How should I measure?", "answer": "Measure in the morning, relaxed but not flexed. Neck: narrowest point. Waist: at navel, relaxed. Hips: widest point of buttocks. Keep tape snug but not tight." }
  ],
  "relatedCalculators": [{ "slug": "bmi", "title": "BMI Calculator" }, { "slug": "calorie", "title": "Calorie Calculator" }, { "slug": "ideal-weight", "title": "Ideal Weight Calculator" }],
  "seo": { "title": "Body Fat Calculator - US Navy Method", "description": "Free body fat calculator using Navy circumference method. Estimate body fat percentage from simple measurements.", "keywords": ["body fat calculator", "body fat percentage", "Navy method", "fat percentage", "body composition"] },
  "isImplemented": false,
  "lastUpdated": "2024-12-01",
  "version": "1.0.0"
}
