{
  "slug": "calorie",
  "title": "Calorie Calculator",
  "shortTitle": "Calorie",
  "category": "health",
  "description": "Calculate your daily calorie needs based on age, gender, weight, height, and activity level.",
  "introduction": "Understanding your daily calorie needs is the first step toward achieving your health and fitness goals. Our calorie calculator uses the Mifflin-St Jeor equation, considered one of the most accurate formulas for estimating Basal Metabolic Rate (BMR). Combined with your activity level, it determines your Total Daily Energy Expenditure (TDEE) – the number of calories you need to maintain your current weight. Whether you want to lose weight, gain muscle, or maintain your current physique, knowing your calorie target helps you plan your nutrition effectively.",
  "icon": "🍎",
  "inputs": [
    { "id": "gender", "label": "Gender", "type": "radio", "defaultValue": "male", "options": [{ "value": "male", "label": "Male" }, { "value": "female", "label": "Female" }] },
    { "id": "age", "label": "Age", "type": "number", "placeholder": "30", "defaultValue": 30, "validation": { "required": true, "min": 15, "max": 120 } },
    { "id": "weight", "label": "Weight (kg)", "type": "number", "placeholder": "70", "defaultValue": 70, "validation": { "required": true, "min": 20, "max": 500 } },
    { "id": "height", "label": "Height (cm)", "type": "number", "placeholder": "175", "defaultValue": 175, "validation": { "required": true, "min": 100, "max": 250 } },
    { "id": "activityLevel", "label": "Activity Level", "type": "select", "defaultValue": "moderate", "options": [{ "value": "sedentary", "label": "Sedentary (little or no exercise)" }, { "value": "light", "label": "Lightly active (1-3 days/week)" }, { "value": "moderate", "label": "Moderately active (3-5 days/week)" }, { "value": "active", "label": "Very active (6-7 days/week)" }, { "value": "extra", "label": "Extra active (physical job + exercise)" }] },
    { "id": "goal", "label": "Goal", "type": "select", "defaultValue": "maintain", "options": [{ "value": "lose", "label": "Lose weight" }, { "value": "maintain", "label": "Maintain weight" }, { "value": "gain", "label": "Gain weight/muscle" }] }
  ],
  "outputs": [
    { "id": "bmr", "label": "Basal Metabolic Rate (BMR)", "format": "number", "precision": 0, "helpText": "Calories burned at rest" },
    { "id": "tdee", "label": "Daily Calorie Needs (TDEE)", "format": "number", "precision": 0, "highlight": true },
    { "id": "targetCalories", "label": "Target Calories for Goal", "format": "number", "precision": 0 },
    { "id": "protein", "label": "Recommended Protein (g)", "format": "number", "precision": 0 }
  ],
  "formula": {
    "description": "Uses Mifflin-St Jeor equation for BMR, then applies activity multiplier.",
    "formula": "Male: BMR = 10×weight + 6.25×height - 5×age + 5\nFemale: BMR = 10×weight + 6.25×height - 5×age - 161",
    "pseudocode": "1. Calculate BMR using Mifflin-St Jeor\n2. Multiply by activity factor (1.2-1.9)\n3. Adjust for goal: -500 cal (lose), +300 cal (gain)\n4. Protein: 0.8-1g per lb body weight"
  },
  "formulaId": "calorie",
  "examples": [{ "title": "Active Male", "description": "30-year-old male, 70kg, moderately active", "inputs": { "gender": "male", "age": 30, "weight": 70, "height": 175, "activityLevel": "moderate", "goal": "maintain" }, "expectedOutputs": { "bmr": 1680, "tdee": 2604 }}],
  "faq": [
    { "question": "How accurate are calorie calculators?", "answer": "These formulas estimate within 10% for most people. Individual metabolism varies based on genetics, muscle mass, hormones, and other factors. Use as a starting point and adjust based on results." },
    { "question": "How many calories to lose weight?", "answer": "A deficit of 500 calories/day typically results in ~1 lb/week loss. Don't go below 1200 (women) or 1500 (men) without medical supervision." },
    { "question": "What's the difference between BMR and TDEE?", "answer": "BMR is calories burned at complete rest (just to keep you alive). TDEE adds calories burned through daily activities and exercise." }
  ],
  "relatedCalculators": [{ "slug": "bmi", "title": "BMI Calculator" }, { "slug": "bmr", "title": "BMR Calculator" }, { "slug": "body-fat", "title": "Body Fat Calculator" }],
  "seo": { "title": "Calorie Calculator - Daily Calorie Needs", "description": "Free calorie calculator to find daily calorie needs for weight loss, maintenance, or gain. Uses accurate Mifflin-St Jeor formula.", "keywords": ["calorie calculator", "TDEE calculator", "daily calories", "calorie needs", "weight loss calories"] },
  "isImplemented": false,
  "lastUpdated": "2024-12-01",
  "version": "1.0.0"
}
