{
  "slug": "compound-interest",
  "title": "Compound Interest Calculator",
  "shortTitle": "Compound Interest",
  "category": "finance",
  "description": "Calculate how your savings and investments grow over time with compound interest.",
  "introduction": "Compound interest is often called the eighth wonder of the world, and for good reason. Our compound interest calculator shows you exactly how your money can grow exponentially over time when interest earns interest. Whether you're planning retirement savings, evaluating investment options, or just curious about the power of compounding, this tool visualizes your financial future. Enter your initial investment, additional contributions, interest rate, and time period to see your projected balance. You'll understand why starting early and investing consistently can make such a dramatic difference in your long-term wealth.",
  "icon": "📈",
  "inputs": [
    {
      "id": "principal",
      "label": "Initial Investment",
      "type": "currency",
      "placeholder": "10000",
      "defaultValue": 10000,
      "helpText": "Starting amount to invest",
      "validation": { "required": true, "min": 0 },
      "unit": "$",
      "unitPosition": "prefix"
    },
    {
      "id": "monthlyContribution",
      "label": "Monthly Contribution",
      "type": "currency",
      "placeholder": "500",
      "defaultValue": 500,
      "helpText": "Additional amount added each month",
      "validation": { "min": 0 },
      "unit": "$",
      "unitPosition": "prefix"
    },
    {
      "id": "interestRate",
      "label": "Annual Interest Rate",
      "type": "percentage",
      "placeholder": "7",
      "defaultValue": 7,
      "helpText": "Expected annual return rate",
      "validation": { "required": true, "min": 0, "max": 50 },
      "unit": "%",
      "unitPosition": "suffix"
    },
    {
      "id": "years",
      "label": "Investment Period",
      "type": "number",
      "placeholder": "20",
      "defaultValue": 20,
      "helpText": "Number of years to invest",
      "validation": { "required": true, "min": 1, "max": 100 },
      "unit": "years",
      "unitPosition": "suffix"
    },
    {
      "id": "compoundFrequency",
      "label": "Compound Frequency",
      "type": "select",
      "defaultValue": "monthly",
      "helpText": "How often interest is compounded",
      "options": [
        { "value": "annually", "label": "Annually (1x/year)" },
        { "value": "semiannually", "label": "Semi-annually (2x/year)" },
        { "value": "quarterly", "label": "Quarterly (4x/year)" },
        { "value": "monthly", "label": "Monthly (12x/year)" },
        { "value": "daily", "label": "Daily (365x/year)" }
      ]
    }
  ],
  "outputs": [
    {
      "id": "futureValue",
      "label": "Future Value",
      "format": "currency",
      "precision": 2,
      "highlight": true,
      "helpText": "Total value at end of period"
    },
    {
      "id": "totalContributions",
      "label": "Total Contributions",
      "format": "currency",
      "precision": 2,
      "helpText": "Principal + all monthly contributions"
    },
    {
      "id": "totalInterest",
      "label": "Total Interest Earned",
      "format": "currency",
      "precision": 2
    },
    {
      "id": "effectiveRate",
      "label": "Effective Annual Rate",
      "format": "percentage",
      "precision": 2,
      "helpText": "APY including compounding effect"
    }
  ],
  "formula": {
    "description": "Compound interest with regular contributions uses the future value formula.",
    "formula": "FV = P(1 + r/n)^(nt) + PMT × [((1 + r/n)^(nt) - 1) / (r/n)]",
    "pseudocode": "1. n = compounding periods per year\n2. r = annual rate / 100\n3. For principal: FV_p = P × (1 + r/n)^(n×years)\n4. For contributions (annuity): FV_c = PMT × [(1 + r/n)^(n×years) - 1] / (r/n)\n5. Total FV = FV_p + FV_c\n6. Total interest = FV - Principal - Total contributions",
    "variables": [
      { "name": "FV", "description": "Future value" },
      { "name": "P", "description": "Principal (initial investment)" },
      { "name": "PMT", "description": "Periodic payment (monthly contribution)" },
      { "name": "r", "description": "Annual interest rate" },
      { "name": "n", "description": "Number of compounding periods per year" },
      { "name": "t", "description": "Time in years" }
    ]
  },
  "formulaId": "compoundInterest",
  "howToUse": "1. Enter your initial investment amount\n2. Add any regular monthly contributions\n3. Enter the expected annual interest rate\n4. Set the investment time period in years\n5. Choose how often interest compounds\n6. Click Calculate to see your projected growth",
  "examples": [
    {
      "title": "Retirement Savings",
      "description": "$10,000 initial + $500/month for 20 years at 7%",
      "inputs": {
        "principal": 10000,
        "monthlyContribution": 500,
        "interestRate": 7,
        "years": 20,
        "compoundFrequency": "monthly"
      },
      "expectedOutputs": {
        "futureValue": 299196.84,
        "totalContributions": 130000,
        "totalInterest": 169196.84
      }
    }
  ],
  "faq": [
    {
      "question": "What's the difference between APR and APY?",
      "answer": "APR (Annual Percentage Rate) is the simple interest rate without compounding. APY (Annual Percentage Yield) includes the effect of compounding and shows your true return. The more frequently interest compounds, the higher the APY compared to APR."
    },
    {
      "question": "Why does compound frequency matter?",
      "answer": "More frequent compounding means interest earns interest sooner. Daily compounding yields slightly more than monthly, which yields more than annual. However, the difference is usually small unless dealing with very large amounts or high rates."
    },
    {
      "question": "What's a realistic interest rate to expect?",
      "answer": "For long-term stock market investments, 7% (inflation-adjusted) or 10% (nominal) is commonly used. Savings accounts offer 0.5-5%, CDs 2-5%, and bonds 3-6%. Always consider inflation when planning."
    }
  ],
  "relatedCalculators": [
    { "slug": "investment", "title": "Investment Calculator" },
    { "slug": "interest", "title": "Interest Calculator" },
    { "slug": "retirement", "title": "Retirement Calculator" },
    { "slug": "mortgage", "title": "Mortgage Calculator" }
  ],
  "seo": {
    "title": "Compound Interest Calculator - Calculate Investment Growth",
    "description": "Free compound interest calculator to see how your savings grow over time. Add monthly contributions and compare compounding frequencies.",
    "keywords": ["compound interest calculator", "interest calculator", "investment growth", "savings calculator", "compound growth", "future value calculator"]
  },
  "isImplemented": true,
  "lastUpdated": "2024-12-01",
  "version": "1.0.0"
}
