{
  "slug": "concrete",
  "title": "Concrete Calculator",
  "shortTitle": "Concrete",
  "category": "other",
  "description": "Calculate concrete volume needed for slabs, footings, columns, and other projects.",
  "introduction": "Planning a concrete project? Our concrete calculator helps you estimate exactly how much concrete you need for slabs, foundations, footings, columns, and steps. Enter your project dimensions and the calculator provides volume in cubic yards (the standard ordering unit), along with number of pre-mixed bags needed. Avoid costly over-ordering or project-halting shortages by getting accurate estimates. The calculator also accounts for waste factor and provides weight estimates to help with delivery planning.",
  "icon": "🏗️",
  "inputs": [
    { "id": "projectType", "label": "Project Type", "type": "select", "defaultValue": "slab", "options": [{ "value": "slab", "label": "Slab/Square" }, { "value": "footing", "label": "Wall Footing" }, { "value": "column", "label": "Round Column" }, { "value": "steps", "label": "Stairs/Steps" }] },
    { "id": "length", "label": "Length", "type": "number", "placeholder": "10", "defaultValue": 10, "validation": { "required": true, "min": 0.1 } },
    { "id": "width", "label": "Width", "type": "number", "placeholder": "12", "defaultValue": 12, "validation": { "required": true, "min": 0.1 } },
    { "id": "depth", "label": "Depth/Thickness", "type": "number", "placeholder": "4", "defaultValue": 4, "validation": { "required": true, "min": 0.5 } },
    { "id": "unit", "label": "Unit", "type": "select", "defaultValue": "feet", "options": [{ "value": "feet", "label": "Feet & Inches" }, { "value": "meters", "label": "Meters" }] },
    { "id": "wasteFactor", "label": "Waste Factor (%)", "type": "number", "placeholder": "10", "defaultValue": 10, "helpText": "Extra for spillage and variations", "validation": { "min": 0, "max": 50 } }
  ],
  "outputs": [
    { "id": "cubicYards", "label": "Concrete Needed (cubic yards)", "format": "number", "precision": 2, "highlight": true },
    { "id": "cubicFeet", "label": "Cubic Feet", "format": "number", "precision": 1 },
    { "id": "cubicMeters", "label": "Cubic Meters", "format": "number", "precision": 2 },
    { "id": "bags40lb", "label": "40 lb Bags Needed", "format": "number", "precision": 0 },
    { "id": "bags60lb", "label": "60 lb Bags Needed", "format": "number", "precision": 0 },
    { "id": "bags80lb", "label": "80 lb Bags Needed", "format": "number", "precision": 0 },
    { "id": "weight", "label": "Approximate Weight", "format": "text" }
  ],
  "formula": {
    "description": "Volume calculation based on project geometry, converted to cubic yards.",
    "formula": "Slab: V = L × W × D\nColumn: V = π × r² × H",
    "pseudocode": "1. Calculate volume in cubic inches or cm³\n2. Convert to cubic feet/meters\n3. Add waste factor percentage\n4. Convert to cubic yards (÷27 from cubic feet)\n5. Calculate bag counts based on coverage per bag"
  },
  "formulaId": "concrete",
  "examples": [{ "title": "10x12 Patio Slab", "description": "10' × 12' × 4\" slab", "inputs": { "projectType": "slab", "length": 10, "width": 12, "depth": 4, "unit": "feet", "wasteFactor": 10 }, "expectedOutputs": { "cubicYards": 1.63 }}],
  "faq": [
    { "question": "How much does concrete cost?", "answer": "Ready-mix concrete typically costs $125-150 per cubic yard delivered. Bagged concrete (DIY) costs more per yard but is practical for small projects. Prices vary by location and season." },
    { "question": "How thick should a concrete slab be?", "answer": "Standard: 4 inches for patios and walkways. 6 inches for driveways and heavy traffic. Footings typically require 8+ inches. Check local building codes for requirements." },
    { "question": "Should I add extra for waste?", "answer": "Yes, add 5-10% for normal projects, 10-15% for complex shapes or first-time pourers. Concrete is sold by the yard, and running short mid-pour is costly." }
  ],
  "relatedCalculators": [{ "slug": "conversion", "title": "Conversion Calculator" }, { "slug": "percentage", "title": "Percentage Calculator" }, { "slug": "triangle", "title": "Triangle Calculator" }],
  "seo": { "title": "Concrete Calculator - Calculate Yards & Bags Needed", "description": "Free concrete calculator for slabs, footings, and columns. Calculate cubic yards, bags needed, and weight for your project.", "keywords": ["concrete calculator", "cubic yards", "concrete bags", "slab calculator", "concrete estimator"] },
  "isImplemented": false,
  "lastUpdated": "2024-12-01",
  "version": "1.0.0"
}
