{
  "slug": "conception",
  "title": "Pregnancy Conception Calculator",
  "shortTitle": "Conception",
  "category": "health",
  "description": "Estimate when conception occurred based on due date or current pregnancy week.",
  "introduction": "Curious about when conception likely occurred? Our conception calculator helps estimate the date of conception based on your due date, last menstrual period, or current pregnancy week. This can be helpful for understanding your fertility window, timing of pregnancy, or simply satisfying curiosity about when your baby was conceived. Remember that conception typically occurs during ovulation, about 14 days after the start of your last period in a standard 28-day cycle, though this varies for each woman.",
  "icon": "👶",
  "inputs": [
    { "id": "calculationType", "label": "I Know My", "type": "radio", "defaultValue": "dueDate", "options": [{ "value": "dueDate", "label": "Due Date" }, { "value": "lmp", "label": "Last Menstrual Period" }, { "value": "currentWeek", "label": "Current Pregnancy Week" }] },
    { "id": "date", "label": "Date", "type": "date", "validation": { "required": true } },
    { "id": "pregnancyWeek", "label": "Current Pregnancy Week", "type": "number", "placeholder": "20", "defaultValue": 20, "validation": { "min": 1, "max": 42 } },
    { "id": "cycleLength", "label": "Cycle Length (days)", "type": "number", "placeholder": "28", "defaultValue": 28, "validation": { "min": 20, "max": 45 } }
  ],
  "outputs": [
    { "id": "conceptionDate", "label": "Estimated Conception Date", "format": "date", "highlight": true },
    { "id": "conceptionRange", "label": "Conception Window", "format": "text", "helpText": "5-day fertile window" },
    { "id": "dueDate", "label": "Due Date", "format": "date" },
    { "id": "currentWeek", "label": "Pregnancy Week", "format": "text" }
  ],
  "formula": {
    "description": "Works backwards from due date to estimate conception.",
    "formula": "Conception ≈ Due Date - 266 days (or LMP + 14 days)",
    "pseudocode": "From due date: conception = due_date - 266 days\nFrom LMP: conception = LMP + (cycle_length / 2)\nFertile window: conception ± 2-3 days"
  },
  "formulaId": "conception",
  "examples": [{ "title": "From Due Date", "description": "Due date of June 8, 2025", "inputs": { "calculationType": "dueDate", "date": "2025-06-08", "cycleLength": 28 }, "expectedOutputs": { "conceptionDate": "2024-09-15" }}],
  "faq": [
    { "question": "Can you know the exact conception date?", "answer": "No, conception date is always an estimate. Sperm can live up to 5 days in the body, and the exact moment of fertilization can't be determined. The estimate is typically accurate within a few days." },
    { "question": "Why does LMP matter for conception?", "answer": "Pregnancy is dated from LMP (not conception) because most women know their last period date but not their ovulation date. Ovulation typically occurs about 14 days after LMP in a 28-day cycle." },
    { "question": "Does conception date affect due date?", "answer": "They're directly related. Due date is calculated as conception + 266 days, or LMP + 280 days. An early ultrasound provides the most accurate dating." }
  ],
  "relatedCalculators": [{ "slug": "pregnancy", "title": "Pregnancy Calculator" }, { "slug": "due-date", "title": "Due Date Calculator" }, { "slug": "date", "title": "Date Calculator" }],
  "seo": { "title": "Conception Date Calculator - When Did I Conceive?", "description": "Free conception calculator to estimate when conception occurred based on due date or last period.", "keywords": ["conception calculator", "when did I conceive", "conception date", "ovulation calculator", "fertile window"] },
  "isImplemented": false,
  "lastUpdated": "2024-12-01",
  "version": "1.0.0"
}

