{
  "slug": "conversion",
  "title": "Conversion Calculator",
  "shortTitle": "Conversion",
  "category": "converters",
  "description": "Convert between units of length, weight, temperature, volume, and more.",
  "introduction": "Our comprehensive unit converter handles all common conversions you might need. Convert between metric and imperial units for length, weight, temperature, volume, area, speed, time, and digital storage. Whether you're cooking with a recipe in different units, comparing international measurements, or doing scientific calculations, this tool provides instant and accurate conversions. Simply select your category, enter a value, and see it converted to multiple related units simultaneously.",
  "icon": "🔄",
  "inputs": [
    { "id": "category", "label": "Category", "type": "select", "defaultValue": "length", "options": [{ "value": "length", "label": "Length" }, { "value": "weight", "label": "Weight/Mass" }, { "value": "temperature", "label": "Temperature" }, { "value": "volume", "label": "Volume" }, { "value": "area", "label": "Area" }, { "value": "speed", "label": "Speed" }, { "value": "time", "label": "Time" }, { "value": "digital", "label": "Digital Storage" }] },
    { "id": "fromUnit", "label": "From Unit", "type": "select", "defaultValue": "meters", "options": [{ "value": "meters", "label": "Meters" }, { "value": "feet", "label": "Feet" }, { "value": "inches", "label": "Inches" }, { "value": "kilometers", "label": "Kilometers" }, { "value": "miles", "label": "Miles" }] },
    { "id": "toUnit", "label": "To Unit", "type": "select", "defaultValue": "feet", "options": [{ "value": "meters", "label": "Meters" }, { "value": "feet", "label": "Feet" }, { "value": "inches", "label": "Inches" }, { "value": "kilometers", "label": "Kilometers" }, { "value": "miles", "label": "Miles" }] },
    { "id": "value", "label": "Value", "type": "number", "placeholder": "100", "defaultValue": 100, "validation": { "required": true } }
  ],
  "outputs": [
    { "id": "result", "label": "Converted Value", "format": "number", "precision": 6, "highlight": true },
    { "id": "formula", "label": "Conversion Formula", "format": "text" },
    { "id": "allConversions", "label": "All Conversions", "format": "text" }
  ],
  "formula": {
    "description": "Uses standard conversion factors between units.",
    "formula": "result = value × conversion_factor",
    "pseudocode": "1. Look up conversion factor between units\n2. Multiply value by factor\n3. For temperature: apply specific formulas\n   C to F: (C × 9/5) + 32\n   F to C: (F - 32) × 5/9"
  },
  "formulaId": "conversion",
  "examples": [{ "title": "Meters to Feet", "description": "Convert 100 meters to feet", "inputs": { "category": "length", "fromUnit": "meters", "toUnit": "feet", "value": 100 }, "expectedOutputs": { "result": 328.084 }}],
  "faq": [
    { "question": "What's the difference between metric and imperial?", "answer": "Metric (meters, kilograms) uses base-10 and is used worldwide for science. Imperial (feet, pounds) is used in the US and a few other countries for daily measurements." },
    { "question": "How do I convert temperature?", "answer": "Celsius to Fahrenheit: (°C × 9/5) + 32. Fahrenheit to Celsius: (°F - 32) × 5/9. Kelvin is Celsius + 273.15." },
    { "question": "What's the difference between mass and weight?", "answer": "Mass (kilograms) is the amount of matter. Weight is the force of gravity on that mass. On Earth's surface, they're proportional, so we use the terms interchangeably in daily life." }
  ],
  "relatedCalculators": [{ "slug": "fuel-cost", "title": "Fuel Cost Calculator" }, { "slug": "bmi", "title": "BMI Calculator" }, { "slug": "concrete", "title": "Concrete Calculator" }],
  "seo": { "title": "Unit Conversion Calculator - Length, Weight, Temperature & More", "description": "Free unit conversion calculator for length, weight, temperature, volume, and more. Convert between metric and imperial units instantly.", "keywords": ["unit converter", "conversion calculator", "metric converter", "imperial converter", "measurement converter"] },
  "isImplemented": false,
  "lastUpdated": "2024-12-01",
  "version": "1.0.0"
}
