{
  "slug": "date",
  "title": "Date Calculator",
  "shortTitle": "Date",
  "category": "datetime",
  "description": "Calculate the difference between two dates or add/subtract days from a date.",
  "introduction": "Need to know how many days between two dates, or what date it will be after adding a certain number of days? Our date calculator handles all your date arithmetic needs. Whether you're planning events, tracking project timelines, counting down to a special occasion, or calculating deadlines, this tool provides accurate results instantly. You can find the exact number of days, weeks, and months between any two dates, or add/subtract days to find a target date. The calculator accounts for leap years and varying month lengths automatically.",
  "icon": "📅",
  "inputs": [
    {
      "id": "mode",
      "label": "Calculation Mode",
      "type": "radio",
      "defaultValue": "difference",
      "options": [
        { "value": "difference", "label": "Days between dates" },
        { "value": "add", "label": "Add/subtract days" }
      ]
    },
    {
      "id": "startDate",
      "label": "Start Date",
      "type": "date",
      "helpText": "The starting date for calculation",
      "validation": { "required": true }
    },
    {
      "id": "endDate",
      "label": "End Date",
      "type": "date",
      "helpText": "The ending date (for difference mode)",
      "validation": { "required": true },
      "showWhen": { "inputId": "mode", "value": "difference" }
    },
    {
      "id": "daysToAdd",
      "label": "Days to Add/Subtract",
      "type": "number",
      "placeholder": "30",
      "defaultValue": 30,
      "helpText": "Use negative numbers to subtract days",
      "validation": { "required": true },
      "showWhen": { "inputId": "mode", "value": "add" }
    },
    {
      "id": "includeEndDate",
      "label": "Include End Date",
      "type": "radio",
      "defaultValue": "no",
      "options": [
        { "value": "yes", "label": "Yes (count both start and end dates)" },
        { "value": "no", "label": "No (end date not included)" }
      ],
      "showWhen": { "inputId": "mode", "value": "difference" }
    }
  ],
  "outputs": [
    {
      "id": "resultDate",
      "label": "Result Date",
      "format": "date",
      "highlight": true
    },
    {
      "id": "totalDays",
      "label": "Total Days",
      "format": "number",
      "precision": 0,
      "highlight": true
    },
    {
      "id": "weeks",
      "label": "Weeks",
      "format": "number",
      "precision": 0
    },
    {
      "id": "weekdays",
      "label": "Weekdays (Mon-Fri)",
      "format": "number",
      "precision": 0
    },
    {
      "id": "weekends",
      "label": "Weekend Days",
      "format": "number",
      "precision": 0
    },
    {
      "id": "breakdown",
      "label": "Time Breakdown",
      "format": "text",
      "helpText": "Years, months, and days"
    }
  ],
  "formula": {
    "description": "Date calculations use calendar arithmetic with proper handling of months and leap years.",
    "formula": "Days = End Date - Start Date",
    "pseudocode": "For difference:\n1. Parse both dates\n2. Calculate millisecond difference\n3. Convert to days\n4. Optionally add 1 for inclusive counting\n\nFor add/subtract:\n1. Parse start date\n2. Add days to date\n3. Return new date",
    "variables": [
      { "name": "Start", "description": "Starting date" },
      { "name": "End", "description": "Ending date" },
      { "name": "Days", "description": "Number of days to add" }
    ]
  },
  "formulaId": "date",
  "howToUse": "1. Select calculation mode (difference or add days)\n2. Enter the start date\n3. Either enter an end date or number of days to add\n4. Choose whether to include the end date in counting\n5. Click Calculate to see results",
  "examples": [
    {
      "title": "Days Between Dates",
      "description": "Calculate days between January 1 and December 31, 2024",
      "inputs": {
        "mode": "difference",
        "startDate": "2024-01-01",
        "endDate": "2024-12-31",
        "includeEndDate": "yes"
      },
      "expectedOutputs": {
        "totalDays": 366,
        "weeks": 52
      }
    }
  ],
  "faq": [
    {
      "question": "Does the calculator account for leap years?",
      "answer": "Yes, the calculator automatically accounts for leap years. February will have 29 days in leap years (divisible by 4, except century years not divisible by 400)."
    },
    {
      "question": "How do I calculate business days only?",
      "answer": "The calculator shows weekdays (Monday-Friday) count separately. For business days excluding holidays, you would need to manually subtract any holidays that fall on weekdays."
    },
    {
      "question": "What's the difference between inclusive and exclusive counting?",
      "answer": "Exclusive counting (default) counts the days between dates, not including the end date. Inclusive counting includes both start and end dates. For example, Jan 1 to Jan 3 exclusive is 2 days, inclusive is 3 days."
    }
  ],
  "relatedCalculators": [
    { "slug": "age", "title": "Age Calculator" },
    { "slug": "time", "title": "Time Calculator" },
    { "slug": "hours", "title": "Hours Calculator" },
    { "slug": "due-date", "title": "Due Date Calculator" }
  ],
  "seo": {
    "title": "Date Calculator - Days Between Dates & Add Days to Date",
    "description": "Free date calculator to find days between two dates or add/subtract days. Calculate weeks, weekdays, and get detailed time breakdowns.",
    "keywords": ["date calculator", "days between dates", "add days to date", "date difference", "how many days", "date counter"]
  },
  "isImplemented": true,
  "lastUpdated": "2024-12-01",
  "version": "1.0.0"
}
