{
  "slug": "due-date",
  "title": "Due Date Calculator",
  "shortTitle": "Due Date",
  "category": "health",
  "description": "Calculate your baby's due date based on last menstrual period or conception date.",
  "introduction": "When will your baby arrive? Our due date calculator provides an estimated delivery date based on your last menstrual period (LMP) or conception date. Using Naegele's rule – the standard method used by healthcare providers – it calculates your expected due date and shows key milestones throughout your pregnancy. While only about 5% of babies arrive exactly on their due date, this gives you a target date to plan around and helps your healthcare provider schedule important prenatal appointments and tests.",
  "icon": "📆",
  "inputs": [
    { "id": "calculationType", "label": "Calculate From", "type": "radio", "defaultValue": "lmp", "options": [{ "value": "lmp", "label": "Last Menstrual Period" }, { "value": "conception", "label": "Conception/Ovulation Date" }, { "value": "ivf", "label": "IVF Transfer Date" }] },
    { "id": "date", "label": "Date", "type": "date", "validation": { "required": true } },
    { "id": "cycleLength", "label": "Cycle Length (days)", "type": "number", "placeholder": "28", "defaultValue": 28, "validation": { "min": 20, "max": 45 } },
    { "id": "ivfType", "label": "IVF Embryo Type", "type": "select", "defaultValue": "5day", "options": [{ "value": "3day", "label": "3-day embryo" }, { "value": "5day", "label": "5-day embryo (blastocyst)" }] }
  ],
  "outputs": [
    { "id": "dueDate", "label": "Estimated Due Date", "format": "date", "highlight": true },
    { "id": "conceptionDate", "label": "Estimated Conception", "format": "date" },
    { "id": "firstTrimesterEnd", "label": "First Trimester Ends", "format": "date" },
    { "id": "secondTrimesterEnd", "label": "Second Trimester Ends", "format": "date" },
    { "id": "fullTerm", "label": "Full Term (37 weeks)", "format": "date" }
  ],
  "formula": {
    "description": "Naegele's rule: LMP + 280 days (40 weeks), adjusted for cycle length.",
    "formula": "Due Date = LMP + 280 days + (cycle_length - 28)",
    "pseudocode": "From LMP: due_date = LMP + 280 + (cycle - 28)\nFrom conception: due_date = conception + 266\nFrom IVF: due_date = transfer + 266 - embryo_age"
  },
  "formulaId": "dueDate",
  "examples": [{ "title": "From LMP", "description": "LMP September 1, 2024", "inputs": { "calculationType": "lmp", "date": "2024-09-01", "cycleLength": 28 }, "expectedOutputs": { "dueDate": "2025-06-08" }}],
  "faq": [
    { "question": "How accurate is the due date?", "answer": "Only 5% of babies are born on their due date. 80% are born within 2 weeks of it (38-42 weeks). First-time mothers often deliver later than subsequent pregnancies." },
    { "question": "What if I don't know my LMP?", "answer": "An early ultrasound (8-12 weeks) can accurately date your pregnancy by measuring the baby. This is often more accurate than LMP-based calculation." },
    { "question": "Why 40 weeks from LMP?", "answer": "Pregnancy is counted from LMP (not conception) because it's easier to know. Since ovulation is typically ~2 weeks after LMP, actual pregnancy is about 38 weeks from conception." }
  ],
  "relatedCalculators": [{ "slug": "pregnancy", "title": "Pregnancy Calculator" }, { "slug": "conception", "title": "Conception Calculator" }, { "slug": "age", "title": "Age Calculator" }],
  "seo": { "title": "Due Date Calculator - When Is Your Baby Due?", "description": "Free due date calculator to estimate your baby's arrival date. Calculate from LMP, conception date, or IVF transfer.", "keywords": ["due date calculator", "pregnancy due date", "baby due date", "expected delivery date", "EDD calculator"] },
  "isImplemented": false,
  "lastUpdated": "2024-12-01",
  "version": "1.0.0"
}
