{
  "slug": "finance",
  "title": "Finance Calculator",
  "shortTitle": "Finance",
  "category": "finance",
  "description": "A versatile financial calculator for solving time value of money problems.",
  "introduction": "Our comprehensive finance calculator handles all standard time value of money calculations used in financial planning and analysis. Solve for present value, future value, payment amount, interest rate, or number of periods when you know the other variables. This is the go-to tool for financial professionals, students studying finance, and anyone making important monetary decisions. Whether you're evaluating an annuity, planning savings goals, or analyzing loan terms, this calculator provides the flexibility you need.",
  "icon": "🏦",
  "inputs": [
    { "id": "solveFor", "label": "Solve For", "type": "select", "defaultValue": "fv", "options": [{ "value": "pv", "label": "Present Value (PV)" }, { "value": "fv", "label": "Future Value (FV)" }, { "value": "pmt", "label": "Payment (PMT)" }, { "value": "rate", "label": "Interest Rate" }, { "value": "periods", "label": "Number of Periods" }] },
    { "id": "presentValue", "label": "Present Value", "type": "currency", "placeholder": "10000", "defaultValue": 10000, "unit": "$", "unitPosition": "prefix" },
    { "id": "futureValue", "label": "Future Value", "type": "currency", "placeholder": "0", "defaultValue": 0, "unit": "$", "unitPosition": "prefix" },
    { "id": "payment", "label": "Payment", "type": "currency", "placeholder": "0", "defaultValue": 0, "unit": "$", "unitPosition": "prefix" },
    { "id": "interestRate", "label": "Interest Rate per Period", "type": "percentage", "placeholder": "5", "defaultValue": 5, "unit": "%", "unitPosition": "suffix" },
    { "id": "periods", "label": "Number of Periods", "type": "number", "placeholder": "10", "defaultValue": 10, "validation": { "min": 1, "max": 1000 } }
  ],
  "outputs": [
    { "id": "result", "label": "Calculated Value", "format": "currency", "precision": 2, "highlight": true },
    { "id": "totalPayments", "label": "Total Payments", "format": "currency", "precision": 2 },
    { "id": "totalInterest", "label": "Total Interest", "format": "currency", "precision": 2 }
  ],
  "formula": {
    "description": "Uses time value of money formulas to solve for any unknown variable.",
    "formula": "FV = PV(1+r)^n + PMT × [((1+r)^n - 1)/r]",
    "pseudocode": "Depending on solve target:\n- FV: compound growth + annuity future value\n- PV: discount FV + annuity present value\n- PMT: solve annuity formula for payment\n- Rate: iterative solution (Newton-Raphson)\n- Periods: logarithmic solution"
  },
  "formulaId": "finance",
  "examples": [{ "title": "Find Future Value", "description": "$10,000 growing at 5% for 10 periods", "inputs": { "solveFor": "fv", "presentValue": 10000, "interestRate": 5, "periods": 10 }, "expectedOutputs": { "result": 16288.95 }}],
  "faq": [
    { "question": "What is time value of money?", "answer": "Time value of money is the concept that money available now is worth more than the same amount in the future due to its earning potential. This is the foundation of finance calculations." },
    { "question": "What's the difference between PV and FV?", "answer": "Present Value (PV) is money's current worth. Future Value (FV) is what money will be worth later after earning interest. They're connected by the interest rate and time." },
    { "question": "When are payments made?", "answer": "This calculator assumes end-of-period (ordinary annuity) payments. Beginning-of-period (annuity due) calculations would multiply results by (1+r)." }
  ],
  "relatedCalculators": [{ "slug": "compound-interest", "title": "Compound Interest Calculator" }, { "slug": "loan", "title": "Loan Calculator" }],
  "seo": { "title": "Finance Calculator - Time Value of Money", "description": "Versatile financial calculator for present value, future value, payments, and more. Solve any TVM problem.", "keywords": ["finance calculator", "TVM calculator", "present value", "future value", "financial calculator"] },
  "isImplemented": false,
  "lastUpdated": "2024-12-01",
  "version": "1.0.0"
}
