{
  "slug": "fraction",
  "title": "Fraction Calculator",
  "shortTitle": "Fractions",
  "category": "math",
  "description": "Add, subtract, multiply, divide, and simplify fractions with step-by-step solutions.",
  "introduction": "Working with fractions can be challenging, but our fraction calculator makes it easy. Perform all basic operations – addition, subtraction, multiplication, and division – on any two fractions. The calculator shows step-by-step solutions so you can understand the process, not just get the answer. It automatically simplifies results to lowest terms and converts improper fractions to mixed numbers when appropriate. Whether you're helping with homework, cooking recipes, or doing carpentry calculations, this tool handles all your fraction needs.",
  "icon": "½",
  "inputs": [
    { "id": "numerator1", "label": "First Numerator", "type": "number", "placeholder": "3", "defaultValue": 3, "validation": { "required": true } },
    { "id": "denominator1", "label": "First Denominator", "type": "number", "placeholder": "4", "defaultValue": 4, "validation": { "required": true, "min": 1 } },
    { "id": "operation", "label": "Operation", "type": "select", "defaultValue": "add", "options": [{ "value": "add", "label": "Add (+)" }, { "value": "subtract", "label": "Subtract (−)" }, { "value": "multiply", "label": "Multiply (×)" }, { "value": "divide", "label": "Divide (÷)" }] },
    { "id": "numerator2", "label": "Second Numerator", "type": "number", "placeholder": "1", "defaultValue": 1, "validation": { "required": true } },
    { "id": "denominator2", "label": "Second Denominator", "type": "number", "placeholder": "2", "defaultValue": 2, "validation": { "required": true, "min": 1 } }
  ],
  "outputs": [
    { "id": "result", "label": "Result", "format": "text", "highlight": true },
    { "id": "decimal", "label": "Decimal", "format": "number", "precision": 6 },
    { "id": "simplified", "label": "Simplified Form", "format": "text" },
    { "id": "mixedNumber", "label": "Mixed Number", "format": "text" },
    { "id": "steps", "label": "Solution Steps", "format": "text" }
  ],
  "formula": {
    "description": "Standard fraction arithmetic with simplification using GCD.",
    "formula": "Add: a/b + c/d = (ad + bc) / bd\nMultiply: a/b × c/d = ac / bd",
    "pseudocode": "Add/Subtract: Find LCD, convert fractions, add/subtract numerators\nMultiply: Multiply numerators and denominators\nDivide: Multiply by reciprocal\nSimplify: Divide both by GCD"
  },
  "formulaId": "fraction",
  "examples": [{ "title": "Add Fractions", "description": "3/4 + 1/2", "inputs": { "numerator1": 3, "denominator1": 4, "operation": "add", "numerator2": 1, "denominator2": 2 }, "expectedOutputs": { "result": "5/4", "decimal": 1.25 }}],
  "faq": [
    { "question": "How do you add fractions?", "answer": "Find a common denominator, convert both fractions, add the numerators, keep the denominator. Example: 1/4 + 1/2 = 1/4 + 2/4 = 3/4" },
    { "question": "What's an improper fraction?", "answer": "A fraction where the numerator is larger than the denominator (like 7/4). It can be converted to a mixed number (1 3/4)." },
    { "question": "How do you simplify fractions?", "answer": "Divide both numerator and denominator by their Greatest Common Divisor (GCD). Example: 6/8 = 3/4 (GCD of 6 and 8 is 2)." }
  ],
  "relatedCalculators": [{ "slug": "percentage", "title": "Percentage Calculator" }, { "slug": "scientific", "title": "Scientific Calculator" }, { "slug": "conversion", "title": "Conversion Calculator" }],
  "seo": { "title": "Fraction Calculator - Add, Subtract, Multiply, Divide Fractions", "description": "Free fraction calculator with step-by-step solutions. Add, subtract, multiply, divide and simplify fractions easily.", "keywords": ["fraction calculator", "add fractions", "fraction math", "simplify fractions", "mixed number calculator"] },
  "isImplemented": false,
  "lastUpdated": "2024-12-01",
  "version": "1.0.0"
}
