{
  "slug": "fuel-cost",
  "title": "Fuel Cost Trip Calculator",
  "shortTitle": "Fuel Cost",
  "category": "finance",
  "description": "Calculate the fuel cost for your trip based on distance, fuel efficiency, and current gas prices.",
  "introduction": "Planning a road trip or commute? Our fuel cost calculator helps you estimate exactly how much you'll spend on gas or diesel for any journey. Simply enter your trip distance, your vehicle's fuel efficiency (MPG or L/100km), and the current fuel price to get an accurate cost estimate. This tool is invaluable for budgeting road trips, comparing driving costs between vehicles, deciding whether to drive or fly, and understanding your daily commute expenses. Whether you're using metric or imperial units, the calculator adapts to your preferences and provides instant results.",
  "icon": "⛽",
  "inputs": [
    {
      "id": "unit",
      "label": "Unit System",
      "type": "radio",
      "defaultValue": "imperial",
      "options": [
        { "value": "imperial", "label": "Imperial (miles, gallons)" },
        { "value": "metric", "label": "Metric (km, liters)" }
      ]
    },
    {
      "id": "distance",
      "label": "Trip Distance",
      "type": "number",
      "placeholder": "500",
      "defaultValue": 500,
      "helpText": "One-way distance in miles or kilometers",
      "validation": { "required": true, "min": 1 }
    },
    {
      "id": "fuelEfficiency",
      "label": "Fuel Efficiency",
      "type": "number",
      "placeholder": "30",
      "defaultValue": 30,
      "helpText": "MPG (imperial) or L/100km (metric)",
      "validation": { "required": true, "min": 1 }
    },
    {
      "id": "fuelPrice",
      "label": "Fuel Price",
      "type": "number",
      "placeholder": "3.50",
      "defaultValue": 3.50,
      "helpText": "Price per gallon or liter",
      "validation": { "required": true, "min": 0.01 },
      "unit": "$",
      "unitPosition": "prefix"
    },
    {
      "id": "roundTrip",
      "label": "Round Trip",
      "type": "radio",
      "defaultValue": "no",
      "options": [
        { "value": "no", "label": "One-way only" },
        { "value": "yes", "label": "Yes, include return" }
      ]
    },
    {
      "id": "passengers",
      "label": "Number of Passengers",
      "type": "number",
      "placeholder": "1",
      "defaultValue": 1,
      "helpText": "For calculating cost per person",
      "validation": { "min": 1, "max": 20 }
    }
  ],
  "outputs": [
    {
      "id": "totalCost",
      "label": "Total Fuel Cost",
      "format": "currency",
      "precision": 2,
      "highlight": true
    },
    {
      "id": "fuelNeeded",
      "label": "Fuel Needed",
      "format": "number",
      "precision": 2,
      "helpText": "Gallons or liters required"
    },
    {
      "id": "costPerPerson",
      "label": "Cost Per Person",
      "format": "currency",
      "precision": 2
    },
    {
      "id": "costPerMile",
      "label": "Cost Per Mile/Km",
      "format": "currency",
      "precision": 3
    },
    {
      "id": "totalDistance",
      "label": "Total Distance",
      "format": "number",
      "precision": 0
    }
  ],
  "formula": {
    "description": "Calculates fuel cost based on distance, efficiency, and price.",
    "formula": "Cost = (Distance / MPG) × Price",
    "pseudocode": "Imperial:\n1. fuel_needed = distance / mpg\n2. cost = fuel_needed × price_per_gallon\n\nMetric:\n1. fuel_needed = distance × (L_per_100km / 100)\n2. cost = fuel_needed × price_per_liter\n\nIf round trip, multiply distance by 2\nCost per person = total_cost / passengers",
    "variables": [
      { "name": "Distance", "description": "Trip distance in miles or km" },
      { "name": "MPG", "description": "Miles per gallon (or L/100km for metric)" },
      { "name": "Price", "description": "Fuel price per gallon or liter" }
    ]
  },
  "formulaId": "fuelCost",
  "howToUse": "1. Select your preferred unit system\n2. Enter the trip distance\n3. Input your vehicle's fuel efficiency\n4. Enter the current fuel price\n5. Select one-way or round trip\n6. Add number of passengers to split costs\n7. Click Calculate to see your fuel costs",
  "examples": [
    {
      "title": "Weekend Road Trip",
      "description": "A 500-mile round trip in a car getting 30 MPG",
      "inputs": {
        "unit": "imperial",
        "distance": 250,
        "fuelEfficiency": 30,
        "fuelPrice": 3.50,
        "roundTrip": "yes",
        "passengers": 2
      },
      "expectedOutputs": {
        "totalCost": 58.33,
        "fuelNeeded": 16.67,
        "costPerPerson": 29.17
      }
    }
  ],
  "faq": [
    {
      "question": "How do I find my car's fuel efficiency?",
      "answer": "Check your owner's manual, look up your vehicle on fueleconomy.gov (US), or calculate it yourself by filling up, noting the mileage, driving until nearly empty, filling up again, and dividing miles driven by gallons used."
    },
    {
      "question": "Why might actual fuel costs differ?",
      "answer": "Real-world fuel efficiency varies based on driving conditions (highway vs city), speed, weather, AC usage, tire pressure, vehicle load, and driving habits. The EPA estimates are typically 10-20% higher than real-world results."
    },
    {
      "question": "How can I improve fuel efficiency?",
      "answer": "Maintain steady speeds, avoid rapid acceleration and braking, keep tires properly inflated, remove excess weight, use cruise control on highways, and keep your vehicle well-maintained."
    }
  ],
  "relatedCalculators": [
    { "slug": "auto-loan", "title": "Auto Loan Calculator" },
    { "slug": "conversion", "title": "Conversion Calculator" },
    { "slug": "time", "title": "Time Calculator" },
    { "slug": "finance", "title": "Finance Calculator" }
  ],
  "seo": {
    "title": "Fuel Cost Calculator - Estimate Trip Gas Expenses",
    "description": "Free fuel cost calculator to estimate gas expenses for any trip. Enter distance, MPG, and fuel price. Calculate cost per person for carpools.",
    "keywords": ["fuel cost calculator", "gas calculator", "trip cost calculator", "fuel economy", "gas mileage calculator", "road trip cost"]
  },
  "isImplemented": true,
  "lastUpdated": "2024-12-01",
  "version": "1.0.0"
}
