{
  "slug": "gpa",
  "title": "GPA Calculator",
  "shortTitle": "GPA",
  "category": "other",
  "description": "Calculate your Grade Point Average (GPA) with support for different grading scales.",
  "introduction": "Your GPA is a critical measure of academic performance used for college admissions, scholarships, and job applications. Our GPA calculator computes your grade point average using the standard 4.0 scale, with options for weighted grades (honors, AP, IB courses). Enter your courses with grades and credit hours to get your semester and cumulative GPA. The calculator supports various grading systems including plus/minus grades and can help you plan what grades you need to reach your target GPA.",
  "icon": "🎓",
  "inputs": [
    { "id": "gradeScale", "label": "Grade Scale", "type": "select", "defaultValue": "4.0", "options": [{ "value": "4.0", "label": "Standard 4.0" }, { "value": "4.0_pm", "label": "4.0 with +/- grades" }, { "value": "weighted", "label": "Weighted (AP/Honors)" }] },
    { "id": "course1Grade", "label": "Course 1 Grade", "type": "select", "defaultValue": "A", "options": [{ "value": "A+", "label": "A+ (4.0)" }, { "value": "A", "label": "A (4.0)" }, { "value": "A-", "label": "A- (3.7)" }, { "value": "B+", "label": "B+ (3.3)" }, { "value": "B", "label": "B (3.0)" }, { "value": "B-", "label": "B- (2.7)" }, { "value": "C+", "label": "C+ (2.3)" }, { "value": "C", "label": "C (2.0)" }, { "value": "C-", "label": "C- (1.7)" }, { "value": "D+", "label": "D+ (1.3)" }, { "value": "D", "label": "D (1.0)" }, { "value": "D-", "label": "D- (0.7)" }, { "value": "F", "label": "F (0.0)" }] },
    { "id": "course1Credits", "label": "Course 1 Credits", "type": "number", "placeholder": "3", "defaultValue": 3, "validation": { "min": 0.5, "max": 10 } },
    { "id": "course2Grade", "label": "Course 2 Grade", "type": "select", "defaultValue": "B+" },
    { "id": "course2Credits", "label": "Course 2 Credits", "type": "number", "placeholder": "3", "defaultValue": 3 },
    { "id": "course3Grade", "label": "Course 3 Grade", "type": "select", "defaultValue": "A-" },
    { "id": "course3Credits", "label": "Course 3 Credits", "type": "number", "placeholder": "4", "defaultValue": 4 },
    { "id": "currentGPA", "label": "Current Cumulative GPA (optional)", "type": "number", "placeholder": "3.5", "validation": { "min": 0, "max": 4 } },
    { "id": "currentCredits", "label": "Current Total Credits (optional)", "type": "number", "placeholder": "60", "validation": { "min": 0 } }
  ],
  "outputs": [
    { "id": "semesterGPA", "label": "Semester GPA", "format": "number", "precision": 2, "highlight": true },
    { "id": "cumulativeGPA", "label": "Cumulative GPA", "format": "number", "precision": 2 },
    { "id": "totalCredits", "label": "Total Credits", "format": "number", "precision": 1 },
    { "id": "qualityPoints", "label": "Quality Points", "format": "number", "precision": 1 }
  ],
  "formula": {
    "description": "GPA = Total Quality Points / Total Credits",
    "formula": "GPA = Σ(grade_points × credits) / Σ(credits)",
    "pseudocode": "1. Convert letter grades to grade points\n2. Multiply grade points by credit hours\n3. Sum all quality points\n4. Sum all credits\n5. Divide total points by total credits\n6. For cumulative: include prior GPA and credits"
  },
  "formulaId": "gpa",
  "examples": [{ "title": "Semester GPA", "description": "3 courses with A, B+, A-", "inputs": { "course1Grade": "A", "course1Credits": 3, "course2Grade": "B+", "course2Credits": 3, "course3Grade": "A-", "course3Credits": 4 }, "expectedOutputs": { "semesterGPA": 3.62 }}],
  "faq": [
    { "question": "What's a good GPA?", "answer": "This varies by context. For college admission: 3.0+ is good, 3.5+ is excellent. For grad school: 3.3+ is typically required. Competitive scholarships often require 3.7+." },
    { "question": "What's weighted GPA?", "answer": "Weighted GPA gives extra points for advanced courses (AP, Honors, IB). An A in AP class might count as 5.0 instead of 4.0, potentially pushing GPA above 4.0." },
    { "question": "How do I raise my GPA?", "answer": "GPA becomes harder to change as you accumulate credits. Focus on high-credit courses, retake failed courses if possible, and consider academic forgiveness policies." }
  ],
  "relatedCalculators": [{ "slug": "grade", "title": "Grade Calculator" }, { "slug": "percentage", "title": "Percentage Calculator" }, { "slug": "standard-deviation", "title": "Standard Deviation Calculator" }],
  "seo": { "title": "GPA Calculator - Calculate Grade Point Average", "description": "Free GPA calculator for semester and cumulative GPA. Supports 4.0 scale, plus/minus grades, and weighted GPA for AP/Honors courses.", "keywords": ["GPA calculator", "grade point average", "college GPA", "cumulative GPA", "weighted GPA"] },
  "isImplemented": false,
  "lastUpdated": "2024-12-01",
  "version": "1.0.0"
}
