{
  "slug": "grade",
  "title": "Grade Calculator",
  "shortTitle": "Grade",
  "category": "other",
  "description": "Calculate final grade, test scores needed, and weighted averages for your courses.",
  "introduction": "Wondering what grade you need on your final exam? Our grade calculator helps you figure out what scores you need to achieve your target grade. Calculate weighted averages when different assignments count differently, determine your current grade from scores, and plan what you need on upcoming tests. Whether you're tracking progress in a single class or managing multiple assignments with different weights, this tool makes grade calculations simple and stress-free.",
  "icon": "📝",
  "inputs": [
    { "id": "calculationType", "label": "What to Calculate", "type": "select", "defaultValue": "current", "options": [{ "value": "current", "label": "Current grade from scores" }, { "value": "final", "label": "Grade needed on final" }, { "value": "weighted", "label": "Weighted average" }] },
    { "id": "score1", "label": "Score 1", "type": "number", "placeholder": "85", "defaultValue": 85, "validation": { "min": 0, "max": 200 } },
    { "id": "weight1", "label": "Weight 1 (%)", "type": "number", "placeholder": "20", "defaultValue": 20, "validation": { "min": 0, "max": 100 } },
    { "id": "score2", "label": "Score 2", "type": "number", "placeholder": "90", "defaultValue": 90, "validation": { "min": 0, "max": 200 } },
    { "id": "weight2", "label": "Weight 2 (%)", "type": "number", "placeholder": "30", "defaultValue": 30, "validation": { "min": 0, "max": 100 } },
    { "id": "score3", "label": "Score 3", "type": "number", "placeholder": "78", "defaultValue": 78, "validation": { "min": 0, "max": 200 } },
    { "id": "weight3", "label": "Weight 3 (%)", "type": "number", "placeholder": "25", "defaultValue": 25, "validation": { "min": 0, "max": 100 } },
    { "id": "targetGrade", "label": "Target Final Grade (%)", "type": "number", "placeholder": "90", "defaultValue": 90, "validation": { "min": 0, "max": 100 } },
    { "id": "finalWeight", "label": "Final Exam Weight (%)", "type": "number", "placeholder": "25", "defaultValue": 25, "validation": { "min": 0, "max": 100 } }
  ],
  "outputs": [
    { "id": "currentGrade", "label": "Current Grade", "format": "percentage", "precision": 1, "highlight": true },
    { "id": "letterGrade", "label": "Letter Grade", "format": "text" },
    { "id": "neededScore", "label": "Score Needed on Final", "format": "percentage", "precision": 1 },
    { "id": "isPossible", "label": "Is Target Achievable?", "format": "text" }
  ],
  "formula": {
    "description": "Weighted average and reverse calculation for needed scores.",
    "formula": "Current = Σ(score × weight) / Σ(weights)\nNeeded = (target - current×(1-final_weight)) / final_weight",
    "pseudocode": "Current grade: weighted_sum / total_weight\nNeeded score: solve for final that makes weighted average = target\nCheck if score is achievable (≤100%)"
  },
  "formulaId": "grade",
  "examples": [{ "title": "Calculate Current Grade", "description": "Scores of 85, 90, 78 with weights 20%, 30%, 25%", "inputs": { "calculationType": "weighted", "score1": 85, "weight1": 20, "score2": 90, "weight2": 30, "score3": 78, "weight3": 25 }, "expectedOutputs": { "currentGrade": 84.7 }}],
  "faq": [
    { "question": "What if I need over 100% on my final?", "answer": "If the required score exceeds 100%, your target grade isn't mathematically achievable with the current weights. Consider what grades are realistic given your current standing." },
    { "question": "How do weighted grades work?", "answer": "Different assignments count differently toward your final grade. A final exam worth 30% has more impact than homework worth 10%. The weighted average accounts for these differences." },
    { "question": "What's the standard grading scale?", "answer": "Common scale: A = 90-100%, B = 80-89%, C = 70-79%, D = 60-69%, F = below 60%. Some schools use different cutoffs or include +/- grades." }
  ],
  "relatedCalculators": [{ "slug": "gpa", "title": "GPA Calculator" }, { "slug": "percentage", "title": "Percentage Calculator" }, { "slug": "standard-deviation", "title": "Standard Deviation Calculator" }],
  "seo": { "title": "Grade Calculator - Final Grade & Weighted Average", "description": "Free grade calculator to find current grade, needed final exam score, and weighted averages. Plan your academic success.", "keywords": ["grade calculator", "final grade calculator", "weighted average", "what grade do I need", "test grade calculator"] },
  "isImplemented": false,
  "lastUpdated": "2024-12-01",
  "version": "1.0.0"
}
