{
  "slug": "hours",
  "title": "Hours Calculator",
  "shortTitle": "Hours",
  "category": "datetime",
  "description": "Calculate work hours, time between clock-in and clock-out, with break deductions.",
  "introduction": "Tracking work hours accurately is essential for payroll, billing, and productivity analysis. Our hours calculator makes it easy to calculate time worked between start and end times, with options to deduct breaks. Enter clock-in and clock-out times for multiple days or shifts, and get total hours worked, overtime, and decimal hours for payroll. The calculator handles overnight shifts, irregular schedules, and automatically converts between time formats. Perfect for employees, freelancers, managers, and anyone who needs to track time worked.",
  "icon": "🕐",
  "inputs": [
    { "id": "startTime", "label": "Start Time", "type": "text", "placeholder": "9:00 AM", "defaultValue": "9:00 AM", "helpText": "Enter in 12-hour (9:00 AM) or 24-hour (09:00) format" },
    { "id": "endTime", "label": "End Time", "type": "text", "placeholder": "5:30 PM", "defaultValue": "5:30 PM", "helpText": "Enter in 12-hour or 24-hour format" },
    { "id": "breakDuration", "label": "Break Duration (minutes)", "type": "number", "placeholder": "30", "defaultValue": 30, "validation": { "min": 0, "max": 480 } },
    { "id": "overnightShift", "label": "Overnight Shift", "type": "radio", "defaultValue": "no", "helpText": "Select Yes if end time is on the next day", "options": [{ "value": "no", "label": "No (same day)" }, { "value": "yes", "label": "Yes (crosses midnight)" }] },
    { "id": "hourlyRate", "label": "Hourly Rate (optional)", "type": "currency", "placeholder": "0", "defaultValue": 0, "helpText": "For wage calculation", "unit": "$", "unitPosition": "prefix" }
  ],
  "outputs": [
    { "id": "totalHours", "label": "Total Hours Worked", "format": "text", "highlight": true },
    { "id": "decimalHours", "label": "Decimal Hours", "format": "number", "precision": 2 },
    { "id": "grossHours", "label": "Gross Hours (before break)", "format": "text" },
    { "id": "wages", "label": "Wages Earned", "format": "currency", "precision": 2 },
    { "id": "overtime", "label": "Overtime (over 8 hrs)", "format": "text" }
  ],
  "formula": {
    "description": "Calculates duration between times, deducts breaks, and converts to various formats.",
    "formula": "Hours = End Time - Start Time - Break",
    "pseudocode": "1. Parse start and end times\n2. If overnight, add 24 hours to end time\n3. Calculate difference in minutes\n4. Subtract break duration\n5. Convert to hours:minutes and decimal\n6. Multiply by rate for wages"
  },
  "formulaId": "hours",
  "examples": [{ "title": "Standard Workday", "description": "9 AM to 5:30 PM with 30-minute break", "inputs": { "startTime": "9:00 AM", "endTime": "5:30 PM", "breakDuration": 30, "overnightShift": "no" }, "expectedOutputs": { "totalHours": "8:00", "decimalHours": 8.0 }}],
  "faq": [
    { "question": "How are decimal hours calculated?", "answer": "Minutes are divided by 60 and added to hours. For example, 8 hours 30 minutes = 8 + (30/60) = 8.5 decimal hours." },
    { "question": "What if I work past midnight?", "answer": "Select 'Yes' for overnight shift. The calculator will add 24 hours to properly calculate duration across midnight." },
    { "question": "How is overtime calculated?", "answer": "Any hours over 8 in a day are shown as overtime. Overtime pay rules vary by location and employer – check local regulations for overtime rates." }
  ],
  "relatedCalculators": [{ "slug": "time", "title": "Time Calculator" }, { "slug": "salary", "title": "Salary Calculator" }, { "slug": "date", "title": "Date Calculator" }],
  "seo": { "title": "Hours Calculator - Calculate Work Hours & Time", "description": "Free hours calculator for work time tracking. Calculate hours between times, deduct breaks, and get decimal hours for payroll.", "keywords": ["hours calculator", "work hours calculator", "time card calculator", "decimal hours", "payroll hours"] },
  "isImplemented": false,
  "lastUpdated": "2024-12-01",
  "version": "1.0.0"
}
