{
  "slug": "ideal-weight",
  "title": "Ideal Weight Calculator",
  "shortTitle": "Ideal Weight",
  "category": "health",
  "description": "Calculate your ideal body weight range based on height, gender, and different formulas.",
  "introduction": "What is the ideal weight for your height? Our calculator uses multiple scientifically-developed formulas to provide a healthy weight range rather than a single number. Different formulas like Devine, Robinson, Miller, and Hamwi were developed for different populations and purposes. By showing results from multiple approaches, you get a realistic range that accounts for individual variation. Remember that ideal weight is just one health indicator – body composition, fitness level, and overall health matter more than any specific number on the scale.",
  "icon": "⚖️",
  "inputs": [
    { "id": "gender", "label": "Gender", "type": "radio", "defaultValue": "male", "options": [{ "value": "male", "label": "Male" }, { "value": "female", "label": "Female" }] },
    { "id": "height", "label": "Height (cm)", "type": "number", "placeholder": "175", "defaultValue": 175, "validation": { "required": true, "min": 130, "max": 230 } },
    { "id": "frame", "label": "Body Frame", "type": "select", "defaultValue": "medium", "options": [{ "value": "small", "label": "Small frame" }, { "value": "medium", "label": "Medium frame" }, { "value": "large", "label": "Large frame" }] }
  ],
  "outputs": [
    { "id": "idealRange", "label": "Ideal Weight Range", "format": "text", "highlight": true },
    { "id": "devine", "label": "Devine Formula", "format": "number", "precision": 1, "unit": "kg", "unitPosition": "suffix" },
    { "id": "robinson", "label": "Robinson Formula", "format": "number", "precision": 1, "unit": "kg", "unitPosition": "suffix" },
    { "id": "miller", "label": "Miller Formula", "format": "number", "precision": 1, "unit": "kg", "unitPosition": "suffix" },
    { "id": "hamwi", "label": "Hamwi Formula", "format": "number", "precision": 1, "unit": "kg", "unitPosition": "suffix" },
    { "id": "bmiRange", "label": "Healthy BMI Range", "format": "text" }
  ],
  "formula": {
    "description": "Uses multiple established ideal body weight formulas and averages them.",
    "formula": "Devine (Male): IBW = 50 + 2.3 × (height_in - 60)\nDevine (Female): IBW = 45.5 + 2.3 × (height_in - 60)",
    "pseudocode": "1. Convert height to inches\n2. Apply each formula (Devine, Robinson, Miller, Hamwi)\n3. Adjust ±10% for frame size\n4. Calculate healthy BMI range weights\n5. Average for final range"
  },
  "formulaId": "idealWeight",
  "examples": [{ "title": "Adult Male Example", "description": "175cm male with medium frame", "inputs": { "gender": "male", "height": 175, "frame": "medium" }, "expectedOutputs": { "idealRange": "66-74 kg" }}],
  "faq": [
    { "question": "Why do different formulas give different results?", "answer": "Each formula was developed from different populations and for different purposes (medication dosing, insurance, etc.). The range they provide is more useful than any single number." },
    { "question": "How do I determine my frame size?", "answer": "Wrap thumb and finger around your wrist. If they overlap, you have a small frame. If they just touch, medium frame. If they don't meet, large frame." },
    { "question": "Is ideal weight different from healthy weight?", "answer": "They're related but not identical. Ideal weight formulas estimate an 'optimal' weight, while healthy weight typically refers to the BMI 18.5-24.9 range that's associated with lowest health risks." }
  ],
  "relatedCalculators": [{ "slug": "bmi", "title": "BMI Calculator" }, { "slug": "body-fat", "title": "Body Fat Calculator" }, { "slug": "calorie", "title": "Calorie Calculator" }],
  "seo": { "title": "Ideal Weight Calculator - Find Your Healthy Weight Range", "description": "Free ideal weight calculator using multiple formulas. Find the healthy weight range for your height and body frame.", "keywords": ["ideal weight calculator", "healthy weight", "ideal body weight", "IBW calculator", "weight for height"] },
  "isImplemented": false,
  "lastUpdated": "2024-12-01",
  "version": "1.0.0"
}
