{
  "slug": "income-tax",
  "title": "Income Tax Calculator",
  "shortTitle": "Income Tax",
  "category": "finance",
  "description": "Estimate your federal income tax liability based on income, filing status, and deductions.",
  "introduction": "Understanding your income tax obligation helps with financial planning and avoiding surprises at tax time. Our income tax calculator estimates your federal tax liability based on your gross income, filing status, and deductions. See your effective tax rate, marginal tax bracket, and how much you might owe or receive as a refund. While this provides a useful estimate, actual taxes depend on many factors. Consult a tax professional for precise calculations and tax planning advice.",
  "icon": "🧾",
  "inputs": [
    { "id": "grossIncome", "label": "Annual Gross Income", "type": "currency", "placeholder": "75000", "defaultValue": 75000, "validation": { "required": true, "min": 0 }, "unit": "$", "unitPosition": "prefix" },
    { "id": "filingStatus", "label": "Filing Status", "type": "select", "defaultValue": "single", "options": [{ "value": "single", "label": "Single" }, { "value": "married_joint", "label": "Married Filing Jointly" }, { "value": "married_separate", "label": "Married Filing Separately" }, { "value": "head", "label": "Head of Household" }] },
    { "id": "deductionType", "label": "Deduction Type", "type": "radio", "defaultValue": "standard", "options": [{ "value": "standard", "label": "Standard Deduction" }, { "value": "itemized", "label": "Itemized Deductions" }] },
    { "id": "itemizedAmount", "label": "Itemized Deduction Amount", "type": "currency", "placeholder": "0", "defaultValue": 0, "unit": "$", "unitPosition": "prefix" },
    { "id": "taxCredits", "label": "Tax Credits", "type": "currency", "placeholder": "0", "defaultValue": 0, "unit": "$", "unitPosition": "prefix" }
  ],
  "outputs": [
    { "id": "taxOwed", "label": "Estimated Federal Tax", "format": "currency", "precision": 0, "highlight": true },
    { "id": "effectiveRate", "label": "Effective Tax Rate", "format": "percentage", "precision": 1 },
    { "id": "marginalRate", "label": "Marginal Tax Bracket", "format": "percentage", "precision": 0 },
    { "id": "taxableIncome", "label": "Taxable Income", "format": "currency", "precision": 0 },
    { "id": "afterTaxIncome", "label": "After-Tax Income", "format": "currency", "precision": 0 }
  ],
  "formula": {
    "description": "Calculates tax using progressive brackets after applying deductions and credits.",
    "formula": "Tax = Σ(Income in bracket × bracket rate) - Credits",
    "pseudocode": "1. Apply deduction to gross income\n2. Apply each tax bracket progressively\n3. Sum tax from all brackets\n4. Subtract tax credits\n5. Calculate effective rate = tax / gross income"
  },
  "formulaId": "incomeTax",
  "examples": [{ "title": "Single Filer Example", "description": "$75,000 income with standard deduction", "inputs": { "grossIncome": 75000, "filingStatus": "single", "deductionType": "standard" }, "expectedOutputs": { "taxOwed": 9350, "effectiveRate": 12.5 }}],
  "faq": [
    { "question": "What are tax brackets?", "answer": "Tax brackets are income ranges taxed at specific rates. Only income within each bracket is taxed at that rate, not your entire income. The US uses progressive brackets from 10% to 37%." },
    { "question": "Should I itemize or take standard deduction?", "answer": "Take whichever is larger. Standard deduction for 2024 is $14,600 (single) or $29,200 (married joint). Itemize if your mortgage interest, state taxes, and charitable donations exceed this." },
    { "question": "What about state taxes?", "answer": "This calculator estimates federal taxes only. State income taxes vary widely (0% to 13%+). Add state taxes to your federal estimate for total income tax liability." }
  ],
  "relatedCalculators": [{ "slug": "salary", "title": "Salary Calculator" }, { "slug": "sales-tax", "title": "Sales Tax Calculator" }],
  "seo": { "title": "Income Tax Calculator - Estimate Federal Tax Owed", "description": "Free income tax calculator to estimate federal tax liability. See your tax bracket, effective rate, and after-tax income.", "keywords": ["income tax calculator", "tax calculator", "federal tax", "tax bracket", "tax estimate"] },
  "isImplemented": false,
  "lastUpdated": "2024-12-01",
  "version": "1.0.0"
}
