{
  "slug": "inflation",
  "title": "Inflation Calculator",
  "shortTitle": "Inflation",
  "category": "finance",
  "description": "Calculate the impact of inflation on purchasing power and adjust prices between different years.",
  "introduction": "Inflation erodes the purchasing power of money over time. Our inflation calculator helps you understand how much goods and services cost in different time periods, adjusted for inflation. Whether you're comparing historical prices to today, projecting future costs, or understanding how inflation affects your savings, this tool provides clear insights. See how a dollar amount from the past compares to today's dollars, or estimate what today's prices will be in the future based on expected inflation rates.",
  "icon": "📉",
  "inputs": [
    { "id": "amount", "label": "Dollar Amount", "type": "currency", "placeholder": "1000", "defaultValue": 1000, "validation": { "required": true, "min": 0.01 }, "unit": "$", "unitPosition": "prefix" },
    { "id": "startYear", "label": "Start Year", "type": "number", "placeholder": "2000", "defaultValue": 2000, "validation": { "required": true, "min": 1913, "max": 2030 } },
    { "id": "endYear", "label": "End Year", "type": "number", "placeholder": "2024", "defaultValue": 2024, "validation": { "required": true, "min": 1913, "max": 2050 } },
    { "id": "customRate", "label": "Custom Inflation Rate (for future projections)", "type": "percentage", "placeholder": "3", "defaultValue": 3, "validation": { "min": -10, "max": 50 }, "unit": "%", "unitPosition": "suffix" }
  ],
  "outputs": [
    { "id": "adjustedAmount", "label": "Adjusted Amount", "format": "currency", "precision": 2, "highlight": true },
    { "id": "totalInflation", "label": "Total Inflation", "format": "percentage", "precision": 1 },
    { "id": "averageRate", "label": "Average Annual Inflation", "format": "percentage", "precision": 2 },
    { "id": "purchasingPower", "label": "Purchasing Power Change", "format": "percentage", "precision": 1 }
  ],
  "formula": {
    "description": "Adjusts amounts using cumulative inflation rates between years.",
    "formula": "Adjusted = Original × (CPI_end / CPI_start)",
    "pseudocode": "For historical: use CPI data\nFor future: Adjusted = Amount × (1 + rate)^years\nPurchasing power change = (Adjusted - Original) / Original × 100"
  },
  "formulaId": "inflation",
  "examples": [{ "title": "20 Years of Inflation", "description": "$1,000 from 2000 to 2024", "inputs": { "amount": 1000, "startYear": 2000, "endYear": 2024 }, "expectedOutputs": { "adjustedAmount": 1800, "averageRate": 2.5 }}],
  "faq": [
    { "question": "What causes inflation?", "answer": "Inflation is caused by increased money supply, rising production costs, demand outpacing supply, or currency devaluation. Central banks target 2% annual inflation for economic stability." },
    { "question": "How is inflation measured?", "answer": "The Consumer Price Index (CPI) tracks price changes of a basket of goods and services. Core CPI excludes volatile food and energy prices for underlying trends." },
    { "question": "How can I protect against inflation?", "answer": "Investments that historically beat inflation include stocks, real estate, TIPS (Treasury Inflation-Protected Securities), and commodities. Cash and fixed-rate bonds lose value in high inflation." }
  ],
  "relatedCalculators": [{ "slug": "investment", "title": "Investment Calculator" }, { "slug": "retirement", "title": "Retirement Calculator" }],
  "seo": { "title": "Inflation Calculator - Calculate Purchasing Power", "description": "Free inflation calculator to understand how inflation affects money over time. Adjust prices between years.", "keywords": ["inflation calculator", "CPI calculator", "purchasing power", "inflation rate"] },
  "isImplemented": false,
  "lastUpdated": "2024-12-01",
  "version": "1.0.0"
}
