{
  "slug": "interest",
  "title": "Interest Calculator",
  "shortTitle": "Interest",
  "category": "finance",
  "description": "Calculate simple and compound interest on loans or investments.",
  "introduction": "Whether you're saving money or borrowing it, understanding interest is key to making smart financial decisions. Our interest calculator helps you compute both simple and compound interest, showing you exactly how much you'll earn on savings or pay on loans. Compare different scenarios by adjusting the principal, rate, and time period to see how each factor affects your total interest. This tool is perfect for evaluating savings accounts, bonds, personal loans, and any other financial product that involves interest.",
  "icon": "💹",
  "inputs": [
    {
      "id": "principal",
      "label": "Principal Amount",
      "type": "currency",
      "placeholder": "10000",
      "defaultValue": 10000,
      "validation": { "required": true, "min": 1 },
      "unit": "$",
      "unitPosition": "prefix"
    },
    {
      "id": "interestRate",
      "label": "Annual Interest Rate",
      "type": "percentage",
      "placeholder": "5",
      "defaultValue": 5,
      "validation": { "required": true, "min": 0, "max": 100 },
      "unit": "%",
      "unitPosition": "suffix"
    },
    {
      "id": "timePeriod",
      "label": "Time Period (years)",
      "type": "number",
      "placeholder": "5",
      "defaultValue": 5,
      "validation": { "required": true, "min": 0.1 }
    },
    {
      "id": "interestType",
      "label": "Interest Type",
      "type": "select",
      "defaultValue": "compound",
      "options": [
        { "value": "simple", "label": "Simple Interest" },
        { "value": "compound", "label": "Compound Interest" }
      ]
    }
  ],
  "outputs": [
    {
      "id": "totalInterest",
      "label": "Total Interest",
      "format": "currency",
      "precision": 2,
      "highlight": true
    },
    {
      "id": "finalAmount",
      "label": "Final Amount",
      "format": "currency",
      "precision": 2
    }
  ],
  "formula": {
    "description": "Simple: I = P × r × t. Compound: A = P(1 + r)^t",
    "formula": "Simple: I = P × r × t | Compound: A = P(1 + r/n)^(nt)",
    "pseudocode": "Simple interest: interest = principal × rate × time\nCompound interest: amount = principal × (1 + rate)^time\nTotal interest = amount - principal"
  },
  "formulaId": "interest",
  "examples": [{ "title": "5 Year Investment", "description": "$10,000 at 5% for 5 years", "inputs": { "principal": 10000, "interestRate": 5, "timePeriod": 5, "interestType": "compound" }, "expectedOutputs": { "totalInterest": 2762.82 }}],
  "faq": [
    { "question": "What's the difference between simple and compound interest?", "answer": "Simple interest is calculated only on the principal. Compound interest is calculated on the principal plus accumulated interest, leading to exponential growth." },
    { "question": "Which is better for savings?", "answer": "Compound interest benefits savers as you earn interest on interest. For loans, simple interest is preferable as you pay less overall." },
    { "question": "How does compounding frequency affect returns?", "answer": "More frequent compounding (daily vs monthly vs yearly) results in slightly higher returns due to more frequent interest-on-interest calculations." }
  ],
  "relatedCalculators": [
    { "slug": "compound-interest", "title": "Compound Interest Calculator" },
    { "slug": "loan", "title": "Loan Calculator" }
  ],
  "seo": {
    "title": "Interest Calculator - Simple & Compound Interest",
    "description": "Free interest calculator for simple and compound interest. Calculate earnings on savings or cost of loans.",
    "keywords": ["interest calculator", "simple interest", "compound interest", "savings calculator"]
  },
  "isImplemented": false,
  "lastUpdated": "2024-12-01",
  "version": "1.0.0"
}
