{
  "slug": "interest-rate",
  "title": "Interest Rate Calculator",
  "shortTitle": "Interest Rate",
  "category": "finance",
  "description": "Calculate the interest rate needed to reach a financial goal or the rate you're paying on a loan.",
  "introduction": "Knowing the actual interest rate on your loan or investment is crucial for making informed financial decisions. Our interest rate calculator helps you determine the rate when you know the other values like principal, payment, and time period. This is especially useful for comparing loan offers, understanding the true cost of financing, or setting realistic return expectations for investments. Solve for the annual percentage rate (APR) and understand exactly what your money is earning or costing you.",
  "icon": "📊",
  "inputs": [
    { "id": "principal", "label": "Principal Amount", "type": "currency", "placeholder": "10000", "defaultValue": 10000, "validation": { "required": true, "min": 1 }, "unit": "$", "unitPosition": "prefix" },
    { "id": "futureValue", "label": "Future Value / Total Repaid", "type": "currency", "placeholder": "12000", "defaultValue": 12000, "validation": { "required": true, "min": 1 }, "unit": "$", "unitPosition": "prefix" },
    { "id": "timePeriod", "label": "Time Period (years)", "type": "number", "placeholder": "5", "defaultValue": 5, "validation": { "required": true, "min": 0.1, "max": 100 } },
    { "id": "paymentAmount", "label": "Regular Payment (optional)", "type": "currency", "placeholder": "0", "defaultValue": 0, "unit": "$", "unitPosition": "prefix" }
  ],
  "outputs": [
    { "id": "interestRate", "label": "Annual Interest Rate", "format": "percentage", "precision": 2, "highlight": true },
    { "id": "monthlyRate", "label": "Monthly Interest Rate", "format": "percentage", "precision": 3 },
    { "id": "totalInterest", "label": "Total Interest", "format": "currency", "precision": 2 }
  ],
  "formula": {
    "description": "Solves for rate using iterative methods when regular payments are involved.",
    "formula": "r = (FV/PV)^(1/n) - 1 (simple case)",
    "pseudocode": "Simple (no payments): rate = (FV/PV)^(1/years) - 1\nWith payments: Use Newton-Raphson iteration to solve\nPV = PMT × [(1-(1+r)^-n)/r]"
  },
  "formulaId": "interestRate",
  "examples": [{ "title": "Investment Return", "description": "$10,000 grew to $12,000 in 5 years", "inputs": { "principal": 10000, "futureValue": 12000, "timePeriod": 5 }, "expectedOutputs": { "interestRate": 3.71 }}],
  "faq": [
    { "question": "What's the difference between APR and interest rate?", "answer": "The interest rate is the cost of borrowing principal only. APR includes fees and other costs, representing the true annual cost of a loan." },
    { "question": "How accurate is this calculation?", "answer": "For simple growth calculations, it's exact. For loans with payments, we use numerical methods that are accurate to 0.01%. Real APR may differ due to fee structures." },
    { "question": "Why do I need to know the interest rate?", "answer": "Knowing the rate helps compare offers, understand true costs, evaluate investments, and make informed financial decisions between options." }
  ],
  "relatedCalculators": [{ "slug": "interest", "title": "Interest Calculator" }, { "slug": "loan", "title": "Loan Calculator" }],
  "seo": { "title": "Interest Rate Calculator - Find APR & True Rate", "description": "Free calculator to determine interest rate from loan or investment values. Find APR when you know principal, payment, and time.", "keywords": ["interest rate calculator", "APR calculator", "find interest rate", "rate solver"] },
  "isImplemented": false,
  "lastUpdated": "2024-12-01",
  "version": "1.0.0"
}
