{
  "slug": "investment",
  "title": "Investment Calculator",
  "shortTitle": "Investment",
  "category": "finance",
  "description": "Calculate the future value of your investments and compare different investment scenarios.",
  "introduction": "Whether you're planning for retirement, saving for a house, or building wealth, understanding how your investments grow is essential. Our investment calculator projects the future value of your portfolio based on initial investment, regular contributions, expected returns, and time horizon. Compare different scenarios to see how adjusting your strategy affects outcomes. This tool helps you set realistic financial goals and understand the power of long-term investing and compound growth.",
  "icon": "📈",
  "inputs": [
    { "id": "initialInvestment", "label": "Initial Investment", "type": "currency", "placeholder": "10000", "defaultValue": 10000, "validation": { "required": true, "min": 0 }, "unit": "$", "unitPosition": "prefix" },
    { "id": "monthlyContribution", "label": "Monthly Contribution", "type": "currency", "placeholder": "500", "defaultValue": 500, "validation": { "min": 0 }, "unit": "$", "unitPosition": "prefix" },
    { "id": "annualReturn", "label": "Expected Annual Return", "type": "percentage", "placeholder": "8", "defaultValue": 8, "validation": { "required": true, "min": -50, "max": 50 }, "unit": "%", "unitPosition": "suffix" },
    { "id": "years", "label": "Investment Period (years)", "type": "number", "placeholder": "20", "defaultValue": 20, "validation": { "required": true, "min": 1, "max": 100 } },
    { "id": "inflationRate", "label": "Expected Inflation Rate", "type": "percentage", "placeholder": "3", "defaultValue": 3, "validation": { "min": 0, "max": 20 }, "unit": "%", "unitPosition": "suffix" }
  ],
  "outputs": [
    { "id": "futureValue", "label": "Future Value", "format": "currency", "precision": 0, "highlight": true },
    { "id": "realValue", "label": "Inflation-Adjusted Value", "format": "currency", "precision": 0 },
    { "id": "totalContributions", "label": "Total Contributions", "format": "currency", "precision": 0 },
    { "id": "totalEarnings", "label": "Total Investment Earnings", "format": "currency", "precision": 0 }
  ],
  "formula": {
    "description": "Calculates future value with regular contributions and adjusts for inflation.",
    "formula": "FV = PV(1+r)^n + PMT × [((1+r)^n - 1)/r]",
    "pseudocode": "1. Calculate future value of initial investment\n2. Calculate future value of contribution annuity\n3. Sum for total future value\n4. Apply inflation discount for real value"
  },
  "formulaId": "investment",
  "examples": [{ "title": "20-Year Growth", "description": "$10,000 initial with $500/month at 8%", "inputs": { "initialInvestment": 10000, "monthlyContribution": 500, "annualReturn": 8, "years": 20, "inflationRate": 3 }, "expectedOutputs": { "futureValue": 343000 }}],
  "faq": [
    { "question": "What's a realistic annual return?", "answer": "Historical stock market returns average 10% (7% inflation-adjusted). Conservative planning often uses 6-8%. Returns vary by asset class and risk level." },
    { "question": "Why consider inflation?", "answer": "Inflation reduces purchasing power over time. $1 million in 30 years won't buy what it does today. Inflation-adjusted projections show your real future purchasing power." },
    { "question": "How do taxes affect returns?", "answer": "Tax-advantaged accounts (401k, IRA) grow tax-deferred or tax-free. Taxable accounts lose some returns to annual taxes. This calculator shows pre-tax growth." }
  ],
  "relatedCalculators": [{ "slug": "compound-interest", "title": "Compound Interest Calculator" }, { "slug": "retirement", "title": "Retirement Calculator" }],
  "seo": { "title": "Investment Calculator - Project Your Portfolio Growth", "description": "Free investment calculator to project future value of investments. Include contributions, returns, and inflation adjustment.", "keywords": ["investment calculator", "future value calculator", "portfolio growth", "investment returns"] },
  "isImplemented": false,
  "lastUpdated": "2024-12-01",
  "version": "1.0.0"
}
