{
  "slug": "loan",
  "title": "Loan Calculator",
  "shortTitle": "Loan",
  "category": "finance",
  "description": "Calculate loan payments, total interest, and payoff schedule for any type of loan with our comprehensive loan calculator.",
  "introduction": "Whether you're considering a personal loan, car loan, or any other type of financing, understanding your repayment obligations is crucial. Our loan calculator helps you determine your monthly payment amount, see how much total interest you'll pay, and understand your complete repayment schedule. By adjusting the loan amount, interest rate, and term length, you can compare different scenarios and find the loan structure that best fits your budget. This tool empowers you to make informed borrowing decisions and avoid taking on more debt than you can comfortably handle.",
  "icon": "💵",
  "inputs": [
    {
      "id": "loanAmount",
      "label": "Loan Amount",
      "type": "currency",
      "placeholder": "25000",
      "defaultValue": 25000,
      "helpText": "The total amount you want to borrow",
      "validation": { "required": true, "min": 100 },
      "unit": "$",
      "unitPosition": "prefix"
    },
    {
      "id": "interestRate",
      "label": "Interest Rate",
      "type": "percentage",
      "placeholder": "8.5",
      "defaultValue": 8.5,
      "helpText": "Annual interest rate (APR)",
      "validation": { "required": true, "min": 0, "max": 50 },
      "unit": "%",
      "unitPosition": "suffix"
    },
    {
      "id": "loanTerm",
      "label": "Loan Term (months)",
      "type": "number",
      "placeholder": "60",
      "defaultValue": 60,
      "helpText": "Number of months to repay the loan",
      "validation": { "required": true, "min": 1, "max": 360 },
      "unit": "months",
      "unitPosition": "suffix"
    }
  ],
  "outputs": [
    {
      "id": "monthlyPayment",
      "label": "Monthly Payment",
      "format": "currency",
      "precision": 2,
      "highlight": true
    },
    {
      "id": "totalPayment",
      "label": "Total Payment",
      "format": "currency",
      "precision": 2
    },
    {
      "id": "totalInterest",
      "label": "Total Interest",
      "format": "currency",
      "precision": 2
    }
  ],
  "formula": {
    "description": "Uses the standard loan amortization formula to calculate fixed monthly payments.",
    "formula": "M = P × [r(1+r)^n] / [(1+r)^n - 1]",
    "pseudocode": "1. Convert annual rate to monthly: r = annual_rate / 12 / 100\n2. Use number of months as n\n3. Apply formula: M = P × [r(1+r)^n] / [(1+r)^n - 1]\n4. Total payment = M × n\n5. Total interest = Total payment - Principal",
    "variables": [
      { "name": "M", "description": "Monthly payment" },
      { "name": "P", "description": "Principal loan amount" },
      { "name": "r", "description": "Monthly interest rate" },
      { "name": "n", "description": "Number of monthly payments" }
    ]
  },
  "formulaId": "loan",
  "howToUse": "1. Enter the amount you wish to borrow\n2. Input the annual interest rate\n3. Specify the loan term in months\n4. Click Calculate to see your payment details",
  "examples": [
    {
      "title": "5-Year Personal Loan",
      "description": "A $25,000 loan at 8.5% APR for 60 months",
      "inputs": {
        "loanAmount": 25000,
        "interestRate": 8.5,
        "loanTerm": 60
      },
      "expectedOutputs": {
        "monthlyPayment": 511.91,
        "totalPayment": 30714.55,
        "totalInterest": 5714.55
      }
    }
  ],
  "faq": [
    {
      "question": "What affects my loan interest rate?",
      "answer": "Your credit score, income, debt-to-income ratio, loan amount, and loan term all affect the interest rate you're offered. A higher credit score typically results in lower rates."
    },
    {
      "question": "Is it better to have a longer or shorter loan term?",
      "answer": "Shorter terms mean higher monthly payments but less total interest paid. Longer terms have lower monthly payments but cost more overall. Choose based on your monthly budget and total cost tolerance."
    },
    {
      "question": "Can I pay off my loan early?",
      "answer": "Most loans allow early payoff, but some may have prepayment penalties. Check your loan agreement. Paying extra toward principal can significantly reduce total interest paid."
    }
  ],
  "relatedCalculators": [
    { "slug": "mortgage", "title": "Mortgage Calculator" },
    { "slug": "auto-loan", "title": "Auto Loan Calculator" },
    { "slug": "payment", "title": "Payment Calculator" },
    { "slug": "interest", "title": "Interest Calculator" }
  ],
  "seo": {
    "title": "Loan Calculator - Calculate Monthly Payments & Total Interest",
    "description": "Free loan calculator to determine monthly payments, total interest, and payoff schedule. Works for personal loans, car loans, and more.",
    "keywords": ["loan calculator", "personal loan calculator", "monthly payment calculator", "loan payment", "interest calculator"]
  },
  "isImplemented": true,
  "lastUpdated": "2024-12-01",
  "version": "1.0.0"
}
