{
  "slug": "mortgage",
  "title": "Mortgage Calculator",
  "shortTitle": "Mortgage",
  "category": "finance",
  "description": "Calculate your monthly mortgage payments, total interest, and amortization schedule with our free mortgage calculator.",
  "introduction": "Planning to buy a home? Our mortgage calculator helps you understand your monthly payment obligations before you commit to a home loan. Simply enter your home price, down payment, interest rate, and loan term to see your estimated monthly payment, total interest paid over the life of the loan, and a detailed amortization schedule. This tool is essential for first-time homebuyers and anyone looking to refinance their existing mortgage. Understanding these numbers helps you budget effectively and compare different loan options to find the best deal for your financial situation.",
  "icon": "🏠",
  "inputs": [
    {
      "id": "homePrice",
      "label": "Home Price",
      "type": "currency",
      "placeholder": "300000",
      "defaultValue": 300000,
      "helpText": "The total purchase price of the home",
      "validation": { "required": true, "min": 1000 },
      "unit": "$",
      "unitPosition": "prefix"
    },
    {
      "id": "downPayment",
      "label": "Down Payment",
      "type": "currency",
      "placeholder": "60000",
      "defaultValue": 60000,
      "helpText": "Your initial payment (typically 5-20% of home price)",
      "validation": { "required": true, "min": 0 },
      "unit": "$",
      "unitPosition": "prefix"
    },
    {
      "id": "interestRate",
      "label": "Interest Rate",
      "type": "percentage",
      "placeholder": "6.5",
      "defaultValue": 6.5,
      "helpText": "Annual interest rate (APR)",
      "validation": { "required": true, "min": 0.1, "max": 30 },
      "unit": "%",
      "unitPosition": "suffix"
    },
    {
      "id": "loanTerm",
      "label": "Loan Term",
      "type": "select",
      "defaultValue": 30,
      "helpText": "Length of the mortgage in years",
      "options": [
        { "value": 10, "label": "10 years" },
        { "value": 15, "label": "15 years" },
        { "value": 20, "label": "20 years" },
        { "value": 25, "label": "25 years" },
        { "value": 30, "label": "30 years" }
      ]
    },
    {
      "id": "propertyTax",
      "label": "Annual Property Tax",
      "type": "currency",
      "placeholder": "3600",
      "defaultValue": 3600,
      "helpText": "Yearly property tax amount (optional)",
      "validation": { "min": 0 },
      "unit": "$",
      "unitPosition": "prefix"
    },
    {
      "id": "homeInsurance",
      "label": "Annual Home Insurance",
      "type": "currency",
      "placeholder": "1200",
      "defaultValue": 1200,
      "helpText": "Yearly homeowner's insurance (optional)",
      "validation": { "min": 0 },
      "unit": "$",
      "unitPosition": "prefix"
    }
  ],
  "outputs": [
    {
      "id": "monthlyPayment",
      "label": "Monthly Payment (P&I)",
      "format": "currency",
      "precision": 2,
      "highlight": true,
      "helpText": "Principal and interest payment only"
    },
    {
      "id": "totalMonthlyPayment",
      "label": "Total Monthly Payment",
      "format": "currency",
      "precision": 2,
      "helpText": "Including taxes and insurance"
    },
    {
      "id": "totalPayment",
      "label": "Total Payment",
      "format": "currency",
      "precision": 2,
      "helpText": "Total amount paid over the loan term"
    },
    {
      "id": "totalInterest",
      "label": "Total Interest",
      "format": "currency",
      "precision": 2,
      "helpText": "Total interest paid over the loan term"
    },
    {
      "id": "loanAmount",
      "label": "Loan Amount",
      "format": "currency",
      "precision": 2
    }
  ],
  "formula": {
    "description": "The monthly mortgage payment is calculated using the standard amortization formula.",
    "formula": "M = P × [r(1+r)^n] / [(1+r)^n - 1]",
    "pseudocode": "1. Calculate loan amount = home price - down payment\n2. Convert annual rate to monthly: r = annual_rate / 12 / 100\n3. Calculate number of payments: n = years × 12\n4. Apply formula: M = P × [r(1+r)^n] / [(1+r)^n - 1]\n5. Add monthly property tax and insurance if provided",
    "variables": [
      { "name": "M", "description": "Monthly payment" },
      { "name": "P", "description": "Principal loan amount" },
      { "name": "r", "description": "Monthly interest rate (annual rate / 12)" },
      { "name": "n", "description": "Total number of payments (years × 12)" }
    ]
  },
  "formulaId": "mortgage",
  "howToUse": "1. Enter the home price you're considering\n2. Input your planned down payment amount\n3. Enter the interest rate from your lender\n4. Select your preferred loan term\n5. Optionally add property tax and insurance estimates\n6. Click Calculate to see your monthly payment breakdown",
  "examples": [
    {
      "title": "Standard 30-Year Mortgage",
      "description": "Calculating payments for a $300,000 home with 20% down",
      "inputs": {
        "homePrice": 300000,
        "downPayment": 60000,
        "interestRate": 6.5,
        "loanTerm": 30,
        "propertyTax": 3600,
        "homeInsurance": 1200
      },
      "expectedOutputs": {
        "monthlyPayment": 1516.57,
        "totalMonthlyPayment": 1916.57,
        "loanAmount": 240000
      }
    }
  ],
  "faq": [
    {
      "question": "How much house can I afford?",
      "answer": "A common guideline is that your monthly housing costs (including mortgage, taxes, and insurance) should not exceed 28% of your gross monthly income. For example, if you earn $6,000/month, aim to keep housing costs under $1,680."
    },
    {
      "question": "What's the difference between interest rate and APR?",
      "answer": "The interest rate is the cost of borrowing the principal. APR (Annual Percentage Rate) includes the interest rate plus other fees and costs, giving you a more complete picture of the loan's total cost."
    },
    {
      "question": "Should I choose a 15-year or 30-year mortgage?",
      "answer": "A 15-year mortgage has higher monthly payments but saves significantly on interest. A 30-year mortgage has lower payments but costs more over time. Choose based on your budget and financial goals."
    }
  ],
  "relatedCalculators": [
    { "slug": "loan", "title": "Loan Calculator" },
    { "slug": "amortization", "title": "Amortization Calculator" },
    { "slug": "compound-interest", "title": "Compound Interest Calculator" },
    { "slug": "payment", "title": "Payment Calculator" }
  ],
  "seo": {
    "title": "Mortgage Calculator - Calculate Monthly Home Loan Payments",
    "description": "Free mortgage calculator to estimate monthly payments, total interest, and amortization schedule. Plan your home purchase with accurate calculations.",
    "keywords": ["mortgage calculator", "home loan calculator", "monthly payment calculator", "mortgage payment", "house payment calculator", "amortization"]
  },
  "isImplemented": true,
  "lastUpdated": "2024-12-01",
  "version": "1.0.0"
}
