{
  "slug": "pace",
  "title": "Pace Calculator",
  "shortTitle": "Pace",
  "category": "health",
  "description": "Calculate running or walking pace, speed, time, or distance for training and races.",
  "introduction": "Whether you're training for a marathon, tracking your daily runs, or planning a race strategy, our pace calculator helps you understand the relationship between distance, time, and speed. Calculate your pace per mile or kilometer, convert between pace and speed, or find out how long a certain distance will take at your target pace. This tool is essential for runners, walkers, cyclists, and anyone who wants to improve their performance or plan their workouts effectively.",
  "icon": "🏃",
  "inputs": [
    { "id": "calculationType", "label": "Calculate", "type": "select", "defaultValue": "pace", "options": [{ "value": "pace", "label": "Pace (from distance & time)" }, { "value": "time", "label": "Time (from distance & pace)" }, { "value": "distance", "label": "Distance (from pace & time)" }] },
    { "id": "distance", "label": "Distance", "type": "number", "placeholder": "5", "defaultValue": 5, "validation": { "min": 0.01 } },
    { "id": "distanceUnit", "label": "Distance Unit", "type": "select", "defaultValue": "km", "options": [{ "value": "km", "label": "Kilometers" }, { "value": "miles", "label": "Miles" }, { "value": "m", "label": "Meters" }] },
    { "id": "hours", "label": "Hours", "type": "number", "placeholder": "0", "defaultValue": 0, "validation": { "min": 0, "max": 24 } },
    { "id": "minutes", "label": "Minutes", "type": "number", "placeholder": "25", "defaultValue": 25, "validation": { "min": 0, "max": 59 } },
    { "id": "seconds", "label": "Seconds", "type": "number", "placeholder": "0", "defaultValue": 0, "validation": { "min": 0, "max": 59 } },
    { "id": "paceMin", "label": "Pace (minutes)", "type": "number", "placeholder": "5", "defaultValue": 5, "validation": { "min": 0 } },
    { "id": "paceSec", "label": "Pace (seconds)", "type": "number", "placeholder": "0", "defaultValue": 0, "validation": { "min": 0, "max": 59 } }
  ],
  "outputs": [
    { "id": "pace", "label": "Pace", "format": "text", "highlight": true },
    { "id": "speed", "label": "Speed", "format": "text" },
    { "id": "totalTime", "label": "Total Time", "format": "text" },
    { "id": "splits", "label": "Split Times", "format": "text" }
  ],
  "formula": {
    "description": "Converts between pace (time/distance), speed (distance/time), and total time.",
    "formula": "Pace = Time / Distance\nSpeed = Distance / Time",
    "pseudocode": "Pace from time & distance:\n1. Convert total time to minutes\n2. Divide by distance\n3. Format as min:sec per unit\n\nTime from pace & distance:\n1. Multiply pace by distance\n2. Convert to hours:min:sec"
  },
  "formulaId": "pace",
  "examples": [{ "title": "5K Race Pace", "description": "5km in 25 minutes", "inputs": { "calculationType": "pace", "distance": 5, "distanceUnit": "km", "minutes": 25 }, "expectedOutputs": { "pace": "5:00 min/km" }}],
  "faq": [
    { "question": "What's a good running pace?", "answer": "This varies widely by fitness level. Beginner runners often start at 10-12 min/mile. Intermediate: 8-10 min/mile. Competitive: 6-8 min/mile. Elite marathoners run ~4:45 min/mile." },
    { "question": "How do I improve my pace?", "answer": "Consistent training, interval workouts, tempo runs, and proper recovery all help. Increase weekly mileage gradually and include variety in your training." },
    { "question": "What's the difference between pace and speed?", "answer": "Pace is time per distance (minutes per mile). Speed is distance per time (miles per hour). They're inversions of each other." }
  ],
  "relatedCalculators": [{ "slug": "calorie", "title": "Calorie Calculator" }, { "slug": "time", "title": "Time Calculator" }, { "slug": "conversion", "title": "Conversion Calculator" }],
  "seo": { "title": "Pace Calculator - Running & Walking Pace", "description": "Free pace calculator for runners and walkers. Calculate pace, speed, time, or distance. Great for race planning.", "keywords": ["pace calculator", "running pace", "running speed", "race pace", "marathon pace calculator"] },
  "isImplemented": false,
  "lastUpdated": "2024-12-01",
  "version": "1.0.0"
}
