{
  "slug": "password-generator",
  "name": "Password Generator",
  "shortName": "Password",
  "category": "other",
  "description": "Generate strong, secure passwords with customizable options.",
  "longDescription": "The password generator creates strong, random passwords to protect your online accounts. Customize the length and character types (uppercase, lowercase, numbers, symbols) to meet any website's requirements. Strong passwords are your first line of defense against hackers—use unique passwords for every account.",
  "formula": "Random selection from character pool with cryptographic randomness",
  "formulaExplanation": "The generator randomly selects characters from your chosen character sets using cryptographically secure random number generation. Password strength is measured by entropy—the more character types and length, the harder it is to crack through brute force.",
  "inputs": [
    { "id": "length", "label": "Password Length", "type": "range", "placeholder": "16", "defaultValue": 16, "validation": { "required": true, "min": 8, "max": 128 }, "ariaLabel": "Select password length" },
    { "id": "uppercase", "label": "Uppercase (A-Z)", "type": "radio", "defaultValue": "yes", "options": [{ "value": "yes", "label": "Yes" }, { "value": "no", "label": "No" }], "ariaLabel": "Include uppercase" },
    { "id": "lowercase", "label": "Lowercase (a-z)", "type": "radio", "defaultValue": "yes", "options": [{ "value": "yes", "label": "Yes" }, { "value": "no", "label": "No" }], "ariaLabel": "Include lowercase" },
    { "id": "numbers", "label": "Numbers (0-9)", "type": "radio", "defaultValue": "yes", "options": [{ "value": "yes", "label": "Yes" }, { "value": "no", "label": "No" }], "ariaLabel": "Include numbers" },
    { "id": "symbols", "label": "Symbols (!@#$%)", "type": "radio", "defaultValue": "yes", "options": [{ "value": "yes", "label": "Yes" }, { "value": "no", "label": "No" }], "ariaLabel": "Include symbols" },
    { "id": "excludeAmbiguous", "label": "Exclude Ambiguous (0O, l1I)", "type": "radio", "defaultValue": "no", "options": [{ "value": "yes", "label": "Yes" }, { "value": "no", "label": "No" }], "ariaLabel": "Exclude ambiguous characters" },
    { "id": "count", "label": "Number of Passwords", "type": "number", "placeholder": "1", "defaultValue": 1, "validation": { "min": 1, "max": 20 }, "ariaLabel": "Number of passwords to generate" }
  ],
  "outputs": [
    { "id": "password", "label": "Generated Password", "format": "text", "highlight": true },
    { "id": "strength", "label": "Strength", "format": "text" },
    { "id": "entropy", "label": "Entropy (bits)", "format": "number", "decimals": 1 },
    { "id": "crackTime", "label": "Estimated Crack Time", "format": "text" }
  ],
  "seo": { "title": "Password Generator - Create Strong Secure Passwords | MicroCalc", "description": "Free secure password generator to create strong passwords. Customize length and character types for maximum security.", "keywords": ["password generator", "secure password", "random password", "strong password generator", "password creator"] },
  "faq": [
    { "question": "How long should my password be?", "answer": "Aim for at least 12-16 characters, with 16+ being ideal for important accounts. Each additional character exponentially increases security. A 20-character password with mixed characters would take billions of years to crack with current technology." },
    { "question": "Should I use symbols in my password?", "answer": "Yes, when allowed. Symbols greatly increase the character pool, making passwords harder to crack. If a site limits special characters, use all allowed types and increase length to compensate." },
    { "question": "How do I remember complex passwords?", "answer": "Use a password manager to store your passwords securely. You only need to remember one master password. Popular options include Bitwarden, 1Password, and LastPass. Never reuse passwords across sites." }
  ],
  "example": { "inputs": { "length": 16, "uppercase": "yes", "lowercase": "yes", "numbers": "yes", "symbols": "yes", "excludeAmbiguous": "no", "count": 1 }, "description": "16-character password with all character types", "result": "Example: K#9mP&xL2$vNq@4R (each generation is random)" },
  "relatedCalculators": ["subnet", "random-number", "scientific", "conversion", "percentage"],
  "implemented": false,
  "implementationNotes": "TODO: Implement secure password generation with crypto.getRandomValues",
  "lastUpdated": "2024-01-15",
  "version": "1.0.0"
}

