{
  "slug": "password",
  "title": "Password Generator",
  "shortTitle": "Password",
  "category": "other",
  "description": "Generate secure, random passwords with customizable length and character types.",
  "introduction": "Strong passwords are your first line of defense against hackers. Our password generator creates cryptographically secure random passwords that are virtually impossible to guess or crack. Customize the length and choose which character types to include – uppercase, lowercase, numbers, and special characters. The generator provides a strength indicator and estimates how long it would take to crack your password. Generate multiple passwords at once and easily copy them to your clipboard. Never use weak or reused passwords again.",
  "icon": "🔐",
  "inputs": [
    { "id": "length", "label": "Password Length", "type": "number", "placeholder": "16", "defaultValue": 16, "validation": { "required": true, "min": 4, "max": 128 } },
    { "id": "includeUppercase", "label": "Uppercase Letters (A-Z)", "type": "radio", "defaultValue": "yes", "options": [{ "value": "yes", "label": "Yes" }, { "value": "no", "label": "No" }] },
    { "id": "includeLowercase", "label": "Lowercase Letters (a-z)", "type": "radio", "defaultValue": "yes", "options": [{ "value": "yes", "label": "Yes" }, { "value": "no", "label": "No" }] },
    { "id": "includeNumbers", "label": "Numbers (0-9)", "type": "radio", "defaultValue": "yes", "options": [{ "value": "yes", "label": "Yes" }, { "value": "no", "label": "No" }] },
    { "id": "includeSymbols", "label": "Symbols (!@#$...)", "type": "radio", "defaultValue": "yes", "options": [{ "value": "yes", "label": "Yes" }, { "value": "no", "label": "No" }] },
    { "id": "excludeAmbiguous", "label": "Exclude Ambiguous (0O, 1Il)", "type": "radio", "defaultValue": "no", "options": [{ "value": "yes", "label": "Yes" }, { "value": "no", "label": "No" }] },
    { "id": "count", "label": "Number of Passwords", "type": "number", "placeholder": "1", "defaultValue": 1, "validation": { "min": 1, "max": 20 } }
  ],
  "outputs": [
    { "id": "password", "label": "Generated Password(s)", "format": "text", "highlight": true },
    { "id": "strength", "label": "Password Strength", "format": "text" },
    { "id": "entropy", "label": "Entropy (bits)", "format": "number", "precision": 1 },
    { "id": "crackTime", "label": "Time to Crack (estimate)", "format": "text" },
    { "id": "characterSet", "label": "Character Set Size", "format": "number", "precision": 0 }
  ],
  "formula": {
    "description": "Uses cryptographically secure random number generation.",
    "formula": "Entropy = length × log2(charset_size)",
    "pseudocode": "1. Build character set from selected options\n2. For each position, pick random character using crypto.getRandomValues()\n3. Calculate entropy = length × log2(charset_size)\n4. Estimate crack time based on entropy\n5. Repeat for requested count"
  },
  "formulaId": "password",
  "examples": [{ "title": "Strong Password", "description": "16 characters, all types", "inputs": { "length": 16, "includeUppercase": "yes", "includeLowercase": "yes", "includeNumbers": "yes", "includeSymbols": "yes" }, "expectedOutputs": { "strength": "Very Strong" }}],
  "faq": [
    { "question": "How long should my password be?", "answer": "Minimum 12 characters, but 16+ is recommended. Length matters more than complexity – a 20-character password of random words can be stronger than an 8-character complex one." },
    { "question": "Why exclude ambiguous characters?", "answer": "Characters like 0/O, 1/l/I look similar and can cause confusion when reading or typing passwords. Excluding them improves usability with minimal security impact." },
    { "question": "How are these passwords generated?", "answer": "We use crypto.getRandomValues(), a cryptographically secure random number generator. Passwords are generated entirely in your browser and never transmitted or stored." }
  ],
  "relatedCalculators": [{ "slug": "random-number", "title": "Random Number Generator" }, { "slug": "subnet", "title": "Subnet Calculator" }],
  "seo": { "title": "Password Generator - Create Strong Random Passwords", "description": "Free password generator to create secure, random passwords. Customize length and character types. Includes strength indicator.", "keywords": ["password generator", "random password", "secure password", "strong password", "password creator"] },
  "isImplemented": false,
  "lastUpdated": "2024-12-01",
  "version": "1.0.0"
}

