{
  "slug": "payment",
  "title": "Payment Calculator",
  "shortTitle": "Payment",
  "category": "finance",
  "description": "Calculate monthly payments for any loan amount, interest rate, and term.",
  "introduction": "Trying to figure out what your monthly payment will be on a loan? Our payment calculator helps you quickly determine the fixed monthly payment required to pay off any loan. Simply enter the loan amount, interest rate, and term length to get your estimated payment. This versatile tool works for mortgages, auto loans, personal loans, student loans, and any other amortized loan. Understanding your monthly obligation helps you budget effectively and ensures you don't overextend your finances.",
  "icon": "💳",
  "inputs": [
    {
      "id": "loanAmount",
      "label": "Loan Amount",
      "type": "currency",
      "placeholder": "20000",
      "defaultValue": 20000,
      "validation": { "required": true, "min": 100 },
      "unit": "$",
      "unitPosition": "prefix"
    },
    {
      "id": "interestRate",
      "label": "Interest Rate (%)",
      "type": "percentage",
      "placeholder": "6",
      "defaultValue": 6,
      "validation": { "required": true, "min": 0, "max": 50 },
      "unit": "%",
      "unitPosition": "suffix"
    },
    {
      "id": "loanTerm",
      "label": "Loan Term (months)",
      "type": "number",
      "placeholder": "48",
      "defaultValue": 48,
      "validation": { "required": true, "min": 1, "max": 600 }
    }
  ],
  "outputs": [
    {
      "id": "monthlyPayment",
      "label": "Monthly Payment",
      "format": "currency",
      "precision": 2,
      "highlight": true
    },
    {
      "id": "totalPayment",
      "label": "Total Payment",
      "format": "currency",
      "precision": 2
    },
    {
      "id": "totalInterest",
      "label": "Total Interest",
      "format": "currency",
      "precision": 2
    }
  ],
  "formula": {
    "description": "Standard amortization formula for fixed monthly payments.",
    "formula": "M = P × [r(1+r)^n] / [(1+r)^n - 1]",
    "pseudocode": "1. Convert annual rate to monthly\n2. Apply amortization formula\n3. Calculate total payment and interest"
  },
  "formulaId": "payment",
  "examples": [{ "title": "48-Month Loan", "description": "$20,000 loan at 6% for 4 years", "inputs": { "loanAmount": 20000, "interestRate": 6, "loanTerm": 48 }, "expectedOutputs": { "monthlyPayment": 469.70 }}],
  "faq": [
    { "question": "How can I lower my monthly payment?", "answer": "You can lower payments by: getting a lower interest rate, extending the loan term, or making a larger down payment. Note that longer terms mean more total interest paid." },
    { "question": "What happens if I pay more than the minimum?", "answer": "Extra payments go toward principal, reducing total interest and shortening the loan term. Even small extra payments can save significantly over time." },
    { "question": "Does this calculator include fees?", "answer": "This calculates principal and interest only. Your actual payment may include taxes, insurance, or fees depending on the loan type." }
  ],
  "relatedCalculators": [
    { "slug": "loan", "title": "Loan Calculator" },
    { "slug": "mortgage", "title": "Mortgage Calculator" }
  ],
  "seo": {
    "title": "Payment Calculator - Calculate Monthly Loan Payments",
    "description": "Free payment calculator to determine monthly payments for any loan. Works for mortgages, auto loans, and personal loans.",
    "keywords": ["payment calculator", "monthly payment calculator", "loan payment", "amortization calculator"]
  },
  "isImplemented": false,
  "lastUpdated": "2024-12-01",
  "version": "1.0.0"
}
