{
  "slug": "percentage",
  "title": "Percentage Calculator",
  "shortTitle": "Percentage",
  "category": "math",
  "description": "Calculate percentages, percentage change, and solve common percentage problems.",
  "introduction": "Percentages are everywhere – discounts, taxes, grades, statistics, and more. Our versatile percentage calculator handles all common percentage calculations: find what percent one number is of another, calculate a percentage of a number, find percentage increase or decrease, and solve 'X is Y% of what?' problems. The calculator shows clear formulas and step-by-step solutions to help you understand the math behind percentages. Perfect for shopping, schoolwork, business calculations, and everyday math needs.",
  "icon": "%",
  "inputs": [
    { "id": "calculationType", "label": "What to Calculate", "type": "select", "defaultValue": "percentOf", "options": [{ "value": "percentOf", "label": "X% of Y is what?" }, { "value": "isWhatPercent", "label": "X is what % of Y?" }, { "value": "percentChange", "label": "% change from X to Y" }, { "value": "percentOfWhat", "label": "X is Y% of what?" }] },
    { "id": "value1", "label": "First Value (X)", "type": "number", "placeholder": "25", "defaultValue": 25, "validation": { "required": true } },
    { "id": "value2", "label": "Second Value (Y)", "type": "number", "placeholder": "200", "defaultValue": 200, "validation": { "required": true } }
  ],
  "outputs": [
    { "id": "result", "label": "Result", "format": "text", "highlight": true },
    { "id": "formula", "label": "Formula Used", "format": "text" },
    { "id": "steps", "label": "Calculation Steps", "format": "text" }
  ],
  "formula": {
    "description": "Various percentage formulas depending on the calculation type.",
    "formula": "X% of Y = (X/100) × Y\nX is what % of Y = (X/Y) × 100",
    "pseudocode": "Percent of: result = (percent/100) × base\nIs what percent: result = (part/whole) × 100\nPercent change: result = ((new-old)/old) × 100\nPercent of what: result = part / (percent/100)"
  },
  "formulaId": "percentage",
  "examples": [{ "title": "Percent of a Number", "description": "What is 25% of 200?", "inputs": { "calculationType": "percentOf", "value1": 25, "value2": 200 }, "expectedOutputs": { "result": "50" }}],
  "faq": [
    { "question": "How do I calculate percentage increase?", "answer": "Percentage increase = ((New Value - Old Value) / Old Value) × 100. For example, going from 50 to 75 is a 50% increase: ((75-50)/50) × 100 = 50%." },
    { "question": "What's the difference between percentage and percentile?", "answer": "A percentage is a portion of 100. A percentile indicates rank – being in the 90th percentile means you scored higher than 90% of the group." },
    { "question": "How do I reverse a percentage?", "answer": "To find the original price before a 20% discount: divide the discounted price by (1 - 0.20) = 0.80. If the sale price is $80, original was $80/0.80 = $100." }
  ],
  "relatedCalculators": [{ "slug": "fraction", "title": "Fraction Calculator" }, { "slug": "sales-tax", "title": "Sales Tax Calculator" }, { "slug": "scientific", "title": "Scientific Calculator" }],
  "seo": { "title": "Percentage Calculator - Calculate Percent & Percentage Change", "description": "Free percentage calculator for all percentage problems. Calculate percentages, percent of numbers, and percentage change easily.", "keywords": ["percentage calculator", "percent calculator", "percentage change", "calculate percent", "percentage increase"] },
  "isImplemented": false,
  "lastUpdated": "2024-12-01",
  "version": "1.0.0"
}
