{
  "slug": "pregnancy",
  "title": "Pregnancy Calculator",
  "shortTitle": "Pregnancy",
  "category": "health",
  "description": "Track your pregnancy progress and calculate important milestones based on your due date or last period.",
  "introduction": "Expecting a baby? Our pregnancy calculator helps you track your pregnancy journey week by week. Enter your last menstrual period (LMP) or due date to see how far along you are, which trimester you're in, and what developmental milestones your baby is reaching. The calculator provides key dates for prenatal tests, estimated conception date, and tracks your progress through all 40 weeks of pregnancy. This is a helpful tool for expecting parents to understand their pregnancy timeline and prepare for their baby's arrival.",
  "icon": "🤰",
  "inputs": [
    { "id": "calculationType", "label": "I Know My", "type": "radio", "defaultValue": "lmp", "options": [{ "value": "lmp", "label": "Last Menstrual Period (LMP)" }, { "value": "dueDate", "label": "Due Date" }, { "value": "conception", "label": "Conception Date" }] },
    { "id": "date", "label": "Date", "type": "date", "validation": { "required": true } },
    { "id": "cycleLength", "label": "Cycle Length (days)", "type": "number", "placeholder": "28", "defaultValue": 28, "helpText": "Average menstrual cycle length", "validation": { "min": 20, "max": 45 } }
  ],
  "outputs": [
    { "id": "dueDate", "label": "Estimated Due Date", "format": "date", "highlight": true },
    { "id": "currentWeek", "label": "Current Week", "format": "text" },
    { "id": "trimester", "label": "Trimester", "format": "text" },
    { "id": "conceptionDate", "label": "Estimated Conception", "format": "date" },
    { "id": "daysRemaining", "label": "Days Until Due Date", "format": "number", "precision": 0 },
    { "id": "percentComplete", "label": "Progress", "format": "percentage", "precision": 0 }
  ],
  "formula": {
    "description": "Uses Naegele's rule adjusted for cycle length.",
    "formula": "Due Date = LMP + 280 days (adjusted for cycle length)",
    "pseudocode": "1. Standard cycle = 28 days\n2. Ovulation typically day 14\n3. Due date = LMP + 280 + (cycle_length - 28)\n4. Current week = days_since_LMP / 7\n5. Trimester: 1-12 weeks = 1st, 13-26 = 2nd, 27-40 = 3rd"
  },
  "formulaId": "pregnancy",
  "examples": [{ "title": "Calculate Due Date", "description": "LMP of September 1, 2024", "inputs": { "calculationType": "lmp", "date": "2024-09-01", "cycleLength": 28 }, "expectedOutputs": { "dueDate": "2025-06-08" }}],
  "faq": [
    { "question": "How accurate is the due date?", "answer": "Only about 5% of babies are born on their due date. Most are born within 2 weeks before or after. It's an estimate based on average pregnancy length (280 days from LMP)." },
    { "question": "What if my cycle isn't 28 days?", "answer": "Longer cycles mean later ovulation, pushing your due date later. Shorter cycles mean earlier ovulation. The calculator adjusts for this." },
    { "question": "When should I see a doctor?", "answer": "Schedule your first prenatal visit at 8-10 weeks. Contact your healthcare provider as soon as you have a positive pregnancy test." }
  ],
  "relatedCalculators": [{ "slug": "due-date", "title": "Due Date Calculator" }, { "slug": "conception", "title": "Conception Calculator" }, { "slug": "age", "title": "Age Calculator" }],
  "seo": { "title": "Pregnancy Calculator - Week by Week Tracker", "description": "Free pregnancy calculator to track your pregnancy progress, due date, and milestones. Enter LMP or due date to get started.", "keywords": ["pregnancy calculator", "due date calculator", "pregnancy week", "pregnancy tracker", "how far along am I"] },
  "isImplemented": false,
  "lastUpdated": "2024-12-01",
  "version": "1.0.0"
}
