{
  "slug": "pregnancy-conception",
  "name": "Pregnancy Conception Calculator",
  "shortName": "Conception",
  "category": "health",
  "description": "Estimate your conception date based on due date or LMP.",
  "longDescription": "The pregnancy conception calculator helps you estimate when conception likely occurred. This can be useful for personal records, determining the father, or satisfying curiosity about your baby's beginnings. Based on your due date or last menstrual period, the calculator identifies the likely conception window.",
  "formula": "Conception ≈ LMP + 14 days (for 28-day cycle); Conception ≈ Due Date - 266 days",
  "formulaExplanation": "Conception typically occurs around ovulation, which is approximately 14 days after the start of the last menstrual period in a 28-day cycle. Since sperm can survive 3-5 days and eggs 12-24 hours, there's a 'fertile window' around this date.",
  "inputs": [
    { "id": "calcMethod", "label": "Calculate From", "type": "select", "defaultValue": "lmp", "options": [{ "value": "lmp", "label": "Last Menstrual Period" }, { "value": "dueDate", "label": "Due Date" }], "ariaLabel": "Select calculation method" },
    { "id": "date", "label": "Date", "type": "date", "validation": { "required": true }, "ariaLabel": "Enter date" },
    { "id": "cycleLength", "label": "Cycle Length (days)", "type": "number", "placeholder": "28", "defaultValue": 28, "validation": { "min": 20, "max": 45 }, "ariaLabel": "Enter cycle length" }
  ],
  "outputs": [
    { "id": "conceptionDate", "label": "Likely Conception Date", "format": "date", "highlight": true },
    { "id": "fertileWindowStart", "label": "Fertile Window Start", "format": "date" },
    { "id": "fertileWindowEnd", "label": "Fertile Window End", "format": "date" }
  ],
  "seo": { "title": "Conception Date Calculator - When Did I Conceive? | MicroCalc", "description": "Free conception date calculator to estimate when you conceived. Calculate from your due date or last menstrual period.", "keywords": ["conception calculator", "when did I conceive", "conception date", "ovulation calculator", "fertile window calculator"] },
  "faq": [
    { "question": "How accurate is the conception date?", "answer": "The estimated conception date has a window of about 5-7 days. Sperm can survive in the reproductive tract for 3-5 days, and the egg is viable for 12-24 hours after ovulation. Conception could have occurred anywhere in this fertile window." },
    { "question": "Can I determine exact conception date?", "answer": "Without knowing the exact ovulation date and timing of intercourse, the conception date can only be estimated. Even with tracking, there's inherent uncertainty. The calculator provides the most likely range." },
    { "question": "Does cycle length affect conception date?", "answer": "Yes. In longer cycles, ovulation (and thus conception) occurs later. In shorter cycles, it occurs earlier. The calculator adjusts based on your cycle length to provide a more accurate estimate." }
  ],
  "example": { "inputs": { "calcMethod": "dueDate", "date": "2024-10-15", "cycleLength": 28 }, "description": "Due date of October 15, 2024", "result": "Likely conception around January 22, 2024" },
  "relatedCalculators": ["pregnancy", "due-date", "age", "date", "calorie"],
  "implemented": false,
  "implementationNotes": "TODO: Implement conception date calculator with fertile window",
  "lastUpdated": "2024-01-15",
  "version": "1.0.0"
}

