{
  "slug": "random-number",
  "title": "Random Number Generator",
  "shortTitle": "Random",
  "category": "math",
  "description": "Generate random numbers within a specified range with various options.",
  "introduction": "Need a random number for games, raffles, decisions, or statistical sampling? Our random number generator creates truly random numbers within any range you specify. Generate single numbers or multiple random values at once. Options include allowing or excluding duplicates, generating integers or decimals, and sorting results. The generator uses cryptographically secure random algorithms to ensure fair and unbiased results. Perfect for lotteries, random sampling, games, contests, and any situation requiring randomness.",
  "icon": "🎲",
  "inputs": [
    { "id": "min", "label": "Minimum Value", "type": "number", "placeholder": "1", "defaultValue": 1, "validation": { "required": true } },
    { "id": "max", "label": "Maximum Value", "type": "number", "placeholder": "100", "defaultValue": 100, "validation": { "required": true } },
    { "id": "count", "label": "How Many Numbers", "type": "number", "placeholder": "1", "defaultValue": 1, "validation": { "required": true, "min": 1, "max": 1000 } },
    { "id": "allowDuplicates", "label": "Allow Duplicates", "type": "radio", "defaultValue": "yes", "options": [{ "value": "yes", "label": "Yes" }, { "value": "no", "label": "No (unique only)" }] },
    { "id": "numberType", "label": "Number Type", "type": "radio", "defaultValue": "integer", "options": [{ "value": "integer", "label": "Integer" }, { "value": "decimal", "label": "Decimal (2 places)" }] },
    { "id": "sorted", "label": "Sort Results", "type": "radio", "defaultValue": "no", "options": [{ "value": "no", "label": "No" }, { "value": "ascending", "label": "Ascending" }, { "value": "descending", "label": "Descending" }] }
  ],
  "outputs": [
    { "id": "numbers", "label": "Random Number(s)", "format": "text", "highlight": true },
    { "id": "sum", "label": "Sum", "format": "number", "precision": 2 },
    { "id": "average", "label": "Average", "format": "number", "precision": 2 }
  ],
  "formula": {
    "description": "Uses cryptographically secure pseudo-random number generation.",
    "formula": "random = min + (crypto.random() × (max - min))",
    "pseudocode": "1. Generate random value between 0 and 1\n2. Scale to range: value × (max - min) + min\n3. Round if integer type\n4. Repeat for count\n5. Check for duplicates if required\n6. Sort if requested"
  },
  "formulaId": "randomNumber",
  "examples": [{ "title": "Lottery Numbers", "description": "6 unique numbers from 1-49", "inputs": { "min": 1, "max": 49, "count": 6, "allowDuplicates": "no", "numberType": "integer", "sorted": "ascending" }, "expectedOutputs": {}}],
  "faq": [
    { "question": "Are these truly random numbers?", "answer": "We use crypto.getRandomValues(), which provides cryptographically secure pseudo-random numbers. They're suitable for most purposes including fair drawings and statistical sampling." },
    { "question": "Why can't I generate unique numbers?", "answer": "When 'no duplicates' is selected, the count can't exceed the range size. For example, you can't generate 10 unique numbers between 1-5." },
    { "question": "Can I use this for a lottery?", "answer": "Yes! Select 'no duplicates', set your range and count, and optionally sort the results. The generator provides fair, unbiased random selections." }
  ],
  "relatedCalculators": [{ "slug": "password", "title": "Password Generator" }, { "slug": "percentage", "title": "Percentage Calculator" }, { "slug": "standard-deviation", "title": "Standard Deviation Calculator" }],
  "seo": { "title": "Random Number Generator - Generate Random Numbers", "description": "Free random number generator for any range. Generate single or multiple random numbers with options for duplicates and sorting.", "keywords": ["random number generator", "random number", "lottery numbers", "random picker", "number generator"] },
  "isImplemented": false,
  "lastUpdated": "2024-12-01",
  "version": "1.0.0"
}
