{
  "slug": "retirement",
  "title": "Retirement Calculator",
  "shortTitle": "Retirement",
  "category": "finance",
  "description": "Plan your retirement by calculating how much you need to save and how long your savings will last.",
  "introduction": "Planning for retirement is one of the most important financial decisions you'll make. Our retirement calculator helps you estimate how much you need to save to maintain your desired lifestyle in retirement. Enter your current age, planned retirement age, current savings, and expected contributions to see if you're on track. The calculator factors in investment returns, inflation, and your expected retirement expenses to give you a realistic projection of your financial future. Start planning today to ensure a comfortable retirement tomorrow.",
  "icon": "🏖️",
  "inputs": [
    {
      "id": "currentAge",
      "label": "Current Age",
      "type": "number",
      "placeholder": "30",
      "defaultValue": 30,
      "validation": { "required": true, "min": 18, "max": 100 }
    },
    {
      "id": "retirementAge",
      "label": "Retirement Age",
      "type": "number",
      "placeholder": "65",
      "defaultValue": 65,
      "validation": { "required": true, "min": 30, "max": 100 }
    },
    {
      "id": "currentSavings",
      "label": "Current Retirement Savings",
      "type": "currency",
      "placeholder": "50000",
      "defaultValue": 50000,
      "validation": { "min": 0 },
      "unit": "$",
      "unitPosition": "prefix"
    },
    {
      "id": "monthlyContribution",
      "label": "Monthly Contribution",
      "type": "currency",
      "placeholder": "500",
      "defaultValue": 500,
      "validation": { "min": 0 },
      "unit": "$",
      "unitPosition": "prefix"
    },
    {
      "id": "expectedReturn",
      "label": "Expected Annual Return (%)",
      "type": "percentage",
      "placeholder": "7",
      "defaultValue": 7,
      "validation": { "min": 0, "max": 20 },
      "unit": "%",
      "unitPosition": "suffix"
    },
    {
      "id": "desiredIncome",
      "label": "Desired Annual Retirement Income",
      "type": "currency",
      "placeholder": "60000",
      "defaultValue": 60000,
      "validation": { "required": true, "min": 1 },
      "unit": "$",
      "unitPosition": "prefix"
    }
  ],
  "outputs": [
    {
      "id": "projectedSavings",
      "label": "Projected Savings at Retirement",
      "format": "currency",
      "precision": 0,
      "highlight": true
    },
    {
      "id": "savingsNeeded",
      "label": "Savings Needed",
      "format": "currency",
      "precision": 0
    },
    {
      "id": "yearsOfRetirement",
      "label": "Years Savings Will Last",
      "format": "number",
      "precision": 1
    },
    {
      "id": "monthlyNeeded",
      "label": "Monthly Savings Needed to Meet Goal",
      "format": "currency",
      "precision": 0
    }
  ],
  "formula": {
    "description": "Projects retirement savings using compound growth and withdrawal rate calculations.",
    "formula": "FV = PV(1+r)^n + PMT[((1+r)^n - 1)/r]",
    "pseudocode": "1. Calculate years until retirement\n2. Project savings growth with contributions\n3. Calculate needed savings = desired income × 25 (4% rule)\n4. Determine shortfall or surplus\n5. Calculate required monthly savings to meet goal"
  },
  "formulaId": "retirement",
  "examples": [{ "title": "35-Year Plan", "description": "30-year-old saving for retirement at 65", "inputs": { "currentAge": 30, "retirementAge": 65, "currentSavings": 50000, "monthlyContribution": 500, "expectedReturn": 7, "desiredIncome": 60000 }, "expectedOutputs": { "projectedSavings": 1200000 }}],
  "faq": [
    { "question": "What is the 4% rule?", "answer": "The 4% rule suggests you can withdraw 4% of your portfolio in year one of retirement, then adjust for inflation annually. This approach historically provides income for 30+ years." },
    { "question": "How much do I need to retire?", "answer": "A common rule is 25× your desired annual income. For $60,000/year, you'd need about $1.5 million. Actual needs depend on Social Security, pensions, and spending plans." },
    { "question": "What return should I expect?", "answer": "Historically, a diversified stock portfolio returns about 10% (7% inflation-adjusted). Conservative estimates use 5-7% for planning purposes." }
  ],
  "relatedCalculators": [
    { "slug": "compound-interest", "title": "Compound Interest Calculator" },
    { "slug": "investment", "title": "Investment Calculator" }
  ],
  "seo": {
    "title": "Retirement Calculator - Plan Your Financial Future",
    "description": "Free retirement calculator to estimate savings needed and project your retirement income. Plan for a comfortable retirement.",
    "keywords": ["retirement calculator", "retirement planning", "401k calculator", "retirement savings", "pension calculator"]
  },
  "isImplemented": false,
  "lastUpdated": "2024-12-01",
  "version": "1.0.0"
}
