{
  "slug": "salary-bangladesh",
  "name": "Salary Calculator (Bangladesh)",
  "shortName": "BD Salary",
  "category": "finance",
  "description": "Calculate your net salary and income tax in Bangladesh for the 2023-24 fiscal year.",
  "longDescription": "This salary calculator is designed specifically for Bangladesh's income tax structure. It calculates your net salary after taxes based on the current tax slabs for the 2023-24 fiscal year. The calculator considers your gross salary, allowances, other income, and eligible investment rebates to provide an accurate estimate of your take-home pay. Understanding your tax liability helps with financial planning and ensures compliance with NBR regulations.",
  "formula": "Net Salary = Gross Income - Tax Liability + Tax Rebate",
  "formulaExplanation": "Bangladesh uses a progressive tax system with slabs: First ৳350,000 is tax-free, then 5% up to ৳450,000, 10% up to ৳750,000, 15% up to ৳1,150,000, 20% up to ৳1,650,000, and 25% above that. Investment rebates (up to 15% of eligible investments) reduce your final tax amount.",
  "inputs": [
    {
      "id": "grossSalary",
      "label": "Monthly Gross Salary",
      "type": "currency",
      "placeholder": "50000",
      "defaultValue": 50000,
      "helpText": "Your monthly salary before deductions",
      "unit": "৳",
      "validation": { "required": true, "min": 0, "max": 100000000 },
      "ariaLabel": "Enter monthly gross salary in BDT"
    },
    {
      "id": "allowances",
      "label": "Annual Allowances",
      "type": "currency",
      "placeholder": "0",
      "defaultValue": 0,
      "helpText": "Festival bonus, medical allowance, etc.",
      "unit": "৳",
      "validation": { "min": 0 },
      "ariaLabel": "Enter annual allowances"
    },
    {
      "id": "otherIncome",
      "label": "Other Annual Income",
      "type": "currency",
      "placeholder": "0",
      "defaultValue": 0,
      "helpText": "Rental income, interest, dividends, etc.",
      "unit": "৳",
      "validation": { "min": 0 },
      "ariaLabel": "Enter other annual income"
    },
    {
      "id": "investmentRebate",
      "label": "Eligible Investments",
      "type": "currency",
      "placeholder": "0",
      "defaultValue": 0,
      "helpText": "DPS, life insurance, provident fund, etc.",
      "unit": "৳",
      "validation": { "min": 0 },
      "ariaLabel": "Enter eligible investment amount"
    }
  ],
  "outputs": [
    { "id": "netMonthly", "label": "Net Monthly Salary", "format": "currency", "decimals": 0, "prefix": "৳", "highlight": true },
    { "id": "grossAnnual", "label": "Gross Annual Income", "format": "currency", "decimals": 0, "prefix": "৳" },
    { "id": "annualTax", "label": "Annual Tax Liability", "format": "currency", "decimals": 0, "prefix": "৳" },
    { "id": "monthlyTax", "label": "Monthly Tax Deduction", "format": "currency", "decimals": 0, "prefix": "৳" },
    { "id": "taxRebate", "label": "Tax Rebate", "format": "currency", "decimals": 0, "prefix": "৳" },
    { "id": "effectiveRate", "label": "Effective Tax Rate", "format": "percentage", "decimals": 2 }
  ],
  "seo": {
    "title": "Bangladesh Salary Calculator - Calculate Net Salary & Tax | MicroCalc",
    "description": "Free Bangladesh salary calculator for 2023-24 fiscal year. Calculate your net salary, income tax, and tax rebate based on current NBR tax slabs.",
    "keywords": ["Bangladesh salary calculator", "BD tax calculator", "income tax Bangladesh", "net salary calculator BD", "NBR tax slab"]
  },
  "faq": [
    {
      "question": "What is the tax-free income limit in Bangladesh?",
      "answer": "For the 2023-24 fiscal year, the tax-free threshold is ৳350,000 per year for general taxpayers. Women and senior citizens (65+) enjoy a higher threshold of ৳400,000, while physically challenged individuals have a ৳475,000 limit."
    },
    {
      "question": "How does the investment rebate work?",
      "answer": "You can claim a tax rebate of up to 15% of your eligible investments (or 15% of taxable income, whichever is lower). Eligible investments include life insurance premiums, provident fund contributions, approved securities, and savings certificates."
    },
    {
      "question": "When do I need to file a tax return?",
      "answer": "If your annual income exceeds the tax-free threshold or you own a motor vehicle, have investments exceeding ৳500,000, or are a registered taxpayer, you must file a return. The deadline is typically November 30th (Tax Day)."
    }
  ],
  "example": {
    "inputs": { "grossSalary": 80000, "allowances": 100000, "otherIncome": 0, "investmentRebate": 200000 },
    "description": "For ৳80,000 monthly salary with ৳100,000 annual allowances and ৳200,000 investments",
    "result": "Net monthly salary of approximately ৳73,000 after tax"
  },
  "relatedCalculators": ["income-tax", "compound-interest", "loan", "investment", "interest-rate"],
  "implemented": true,
  "lastUpdated": "2024-01-15",
  "version": "1.0.0"
}

