{
  "slug": "salary",
  "title": "Salary Calculator (Bangladesh)",
  "shortTitle": "Salary BD",
  "category": "finance",
  "description": "Calculate your net salary, tax deductions, and take-home pay with Bangladesh tax rules.",
  "introduction": "Understanding your actual take-home pay is essential for financial planning. Our Bangladesh Salary Calculator helps you compute your net salary after all applicable deductions including income tax based on current Bangladesh tax slabs, provident fund contributions, and other common deductions. Whether you're evaluating a job offer, planning your budget, or understanding your payslip, this tool provides a clear breakdown of how your gross salary converts to net income. The calculator uses the latest tax rates and exemption limits as per Bangladesh Revenue Board guidelines, though you should verify with a tax professional for official tax filing.",
  "icon": "💼",
  "inputs": [
    {
      "id": "grossSalary",
      "label": "Monthly Gross Salary",
      "type": "currency",
      "placeholder": "50000",
      "defaultValue": 50000,
      "helpText": "Your total monthly salary before deductions (BDT)",
      "validation": { "required": true, "min": 1000 },
      "unit": "৳",
      "unitPosition": "prefix"
    },
    {
      "id": "basicPercentage",
      "label": "Basic Salary Percentage",
      "type": "percentage",
      "placeholder": "60",
      "defaultValue": 60,
      "helpText": "Basic salary as percentage of gross (typically 50-60%)",
      "validation": { "required": true, "min": 40, "max": 100 },
      "unit": "%",
      "unitPosition": "suffix"
    },
    {
      "id": "pfContribution",
      "label": "Provident Fund (Employee)",
      "type": "percentage",
      "placeholder": "10",
      "defaultValue": 10,
      "helpText": "Employee PF contribution percentage of basic",
      "validation": { "min": 0, "max": 15 },
      "unit": "%",
      "unitPosition": "suffix"
    },
    {
      "id": "taxArea",
      "label": "Tax Area",
      "type": "select",
      "defaultValue": "dhaka",
      "helpText": "City corporation area for tax calculation",
      "options": [
        { "value": "dhaka", "label": "Dhaka/Chittagong City Corporation" },
        { "value": "other_city", "label": "Other City Corporation" },
        { "value": "non_city", "label": "Non-City Corporation Area" }
      ]
    },
    {
      "id": "gender",
      "label": "Gender",
      "type": "radio",
      "defaultValue": "male",
      "helpText": "For determining tax exemption limit",
      "options": [
        { "value": "male", "label": "Male" },
        { "value": "female", "label": "Female" }
      ]
    },
    {
      "id": "hasDisability",
      "label": "Person with Disability",
      "type": "radio",
      "defaultValue": "no",
      "options": [
        { "value": "no", "label": "No" },
        { "value": "yes", "label": "Yes" }
      ]
    }
  ],
  "outputs": [
    {
      "id": "netSalary",
      "label": "Monthly Net Salary",
      "format": "currency",
      "precision": 0,
      "highlight": true,
      "unit": "৳",
      "unitPosition": "prefix"
    },
    {
      "id": "basicSalary",
      "label": "Basic Salary",
      "format": "currency",
      "precision": 0,
      "unit": "৳",
      "unitPosition": "prefix"
    },
    {
      "id": "monthlyTax",
      "label": "Monthly Income Tax",
      "format": "currency",
      "precision": 0,
      "unit": "৳",
      "unitPosition": "prefix"
    },
    {
      "id": "yearlyTax",
      "label": "Yearly Income Tax",
      "format": "currency",
      "precision": 0,
      "unit": "৳",
      "unitPosition": "prefix"
    },
    {
      "id": "pfDeduction",
      "label": "Monthly PF Deduction",
      "format": "currency",
      "precision": 0,
      "unit": "৳",
      "unitPosition": "prefix"
    },
    {
      "id": "yearlyGross",
      "label": "Yearly Gross Income",
      "format": "currency",
      "precision": 0,
      "unit": "৳",
      "unitPosition": "prefix"
    },
    {
      "id": "effectiveTaxRate",
      "label": "Effective Tax Rate",
      "format": "percentage",
      "precision": 2
    }
  ],
  "formula": {
    "description": "Calculates net salary using Bangladesh income tax slabs and deductions.",
    "formula": "Net = Gross - Tax - PF",
    "pseudocode": "1. Calculate basic = gross × basic%\n2. Calculate yearly taxable = (gross × 12) - exemptions\n3. Apply BD tax slabs:\n   - First 350,000 (male) / 400,000 (female): 0%\n   - Next 100,000: 5%\n   - Next 400,000: 10%\n   - Next 500,000: 15%\n   - Next 500,000: 20%\n   - Above: 25%\n4. Calculate monthly tax = yearly tax / 12\n5. Calculate PF = basic × PF%\n6. Net = gross - tax - PF",
    "variables": [
      { "name": "Gross", "description": "Total monthly salary" },
      { "name": "Basic", "description": "Basic salary component" },
      { "name": "Tax", "description": "Income tax deduction" },
      { "name": "PF", "description": "Provident fund contribution" }
    ]
  },
  "formulaId": "salaryBangladesh",
  "howToUse": "1. Enter your monthly gross salary in BDT\n2. Set your basic salary percentage\n3. Enter provident fund contribution rate\n4. Select your tax area and gender\n5. Indicate disability status if applicable\n6. Click Calculate to see your net salary breakdown",
  "examples": [
    {
      "title": "Private Sector Employee",
      "description": "A male employee in Dhaka earning ৳50,000/month",
      "inputs": {
        "grossSalary": 50000,
        "basicPercentage": 60,
        "pfContribution": 10,
        "taxArea": "dhaka",
        "gender": "male",
        "hasDisability": "no"
      },
      "expectedOutputs": {
        "netSalary": 45000,
        "basicSalary": 30000,
        "pfDeduction": 3000
      }
    }
  ],
  "faq": [
    {
      "question": "What is the tax-free limit in Bangladesh?",
      "answer": "For the 2023-24 fiscal year, the tax-free limit is ৳350,000 for male taxpayers and ৳400,000 for female taxpayers. People with disabilities have higher exemptions."
    },
    {
      "question": "How is provident fund calculated?",
      "answer": "Provident fund is typically calculated as a percentage of basic salary, not gross salary. Both employee and employer contribute equal amounts (usually 10% each of basic)."
    },
    {
      "question": "Do I need to file taxes if my income is below the exemption limit?",
      "answer": "If your total income is below the tax-free threshold, you may still need to file a return if you have certain assets, investments, or for obtaining various certificates and services."
    }
  ],
  "relatedCalculators": [
    { "slug": "income-tax", "title": "Income Tax Calculator" },
    { "slug": "loan", "title": "Loan Calculator" },
    { "slug": "compound-interest", "title": "Compound Interest Calculator" },
    { "slug": "retirement", "title": "Retirement Calculator" }
  ],
  "seo": {
    "title": "Bangladesh Salary Calculator - Calculate Net Pay & Tax",
    "description": "Free Bangladesh salary calculator to compute net salary, income tax, and deductions. Uses latest BD tax slabs for accurate take-home pay calculation.",
    "keywords": ["salary calculator Bangladesh", "BD salary calculator", "Bangladesh tax calculator", "net salary calculator", "take home pay BD", "বেতন ক্যালকুলেটর"]
  },
  "isImplemented": true,
  "lastUpdated": "2024-12-01",
  "version": "1.0.0"
}

