{
  "slug": "sales-tax",
  "title": "Sales Tax Calculator",
  "shortTitle": "Sales Tax",
  "category": "finance",
  "description": "Calculate sales tax amount and total price, or reverse-calculate the pre-tax price.",
  "introduction": "Shopping and need to know the total cost including sales tax? Or have a receipt and want to know the pre-tax amount? Our sales tax calculator handles both scenarios. Enter a price and tax rate to find the total, or enter the total and work backwards to find the original price. This tool is helpful for budgeting, expense reporting, and understanding the true cost of purchases. Sales tax rates vary by state and locality, so make sure to use the correct rate for your area.",
  "icon": "🧮",
  "inputs": [
    { "id": "calculationType", "label": "Calculation Type", "type": "radio", "defaultValue": "add", "options": [{ "value": "add", "label": "Add tax to price" }, { "value": "reverse", "label": "Find price from total (reverse)" }] },
    { "id": "amount", "label": "Amount", "type": "currency", "placeholder": "100", "defaultValue": 100, "validation": { "required": true, "min": 0.01 }, "unit": "$", "unitPosition": "prefix" },
    { "id": "taxRate", "label": "Sales Tax Rate", "type": "percentage", "placeholder": "8.25", "defaultValue": 8.25, "validation": { "required": true, "min": 0, "max": 30 }, "unit": "%", "unitPosition": "suffix" }
  ],
  "outputs": [
    { "id": "taxAmount", "label": "Tax Amount", "format": "currency", "precision": 2, "highlight": true },
    { "id": "subtotal", "label": "Pre-Tax Price", "format": "currency", "precision": 2 },
    { "id": "total", "label": "Total Price", "format": "currency", "precision": 2 }
  ],
  "formula": {
    "description": "Simple percentage calculation for sales tax.",
    "formula": "Tax = Price × (Rate / 100)",
    "pseudocode": "Add tax: total = price × (1 + rate/100)\nReverse: price = total / (1 + rate/100)\nTax amount = total - price"
  },
  "formulaId": "salesTax",
  "examples": [{ "title": "Standard Purchase", "description": "$100 item with 8.25% tax", "inputs": { "calculationType": "add", "amount": 100, "taxRate": 8.25 }, "expectedOutputs": { "taxAmount": 8.25, "total": 108.25 }}],
  "faq": [
    { "question": "What's the average US sales tax?", "answer": "The average combined state and local sales tax is about 7.12%. It ranges from 0% (some states) to over 10% in high-tax areas. Five states have no sales tax." },
    { "question": "Are all items taxed?", "answer": "Not all items are taxed equally. Many states exempt groceries and prescription medications. Clothing may be exempt or taxed at reduced rates in some states." },
    { "question": "How do I find my local tax rate?", "answer": "Your tax rate includes state tax plus any county, city, and special district taxes. Check your state's revenue department website or recent receipts for accurate local rates." }
  ],
  "relatedCalculators": [{ "slug": "percentage", "title": "Percentage Calculator" }, { "slug": "income-tax", "title": "Income Tax Calculator" }],
  "seo": { "title": "Sales Tax Calculator - Calculate Tax & Total Price", "description": "Free sales tax calculator to add tax to prices or reverse-calculate pre-tax amounts. Works for any tax rate.", "keywords": ["sales tax calculator", "tax calculator", "reverse tax calculator", "price with tax"] },
  "isImplemented": false,
  "lastUpdated": "2024-12-01",
  "version": "1.0.0"
}
