{
  "slug": "scientific",
  "title": "Scientific Calculator",
  "shortTitle": "Scientific",
  "category": "math",
  "description": "A full-featured scientific calculator with trigonometric, logarithmic, and advanced mathematical functions.",
  "introduction": "Need more than basic arithmetic? Our scientific calculator provides all the advanced mathematical functions you need for science, engineering, and math courses. Perform trigonometric calculations (sin, cos, tan), logarithms (log, ln), exponents, roots, factorials, and more. The calculator supports both degree and radian modes for trigonometric functions, includes parentheses for complex expressions, and maintains calculation history. Whether you're solving homework problems, doing lab calculations, or performing professional engineering work, this calculator delivers accurate results instantly with a clean, easy-to-use interface.",
  "icon": "🔬",
  "inputs": [
    {
      "id": "expression",
      "label": "Enter Expression",
      "type": "text",
      "placeholder": "sin(45) + log(100)",
      "helpText": "Enter a mathematical expression",
      "validation": { "required": true }
    },
    {
      "id": "angleMode",
      "label": "Angle Mode",
      "type": "radio",
      "defaultValue": "degrees",
      "options": [
        { "value": "degrees", "label": "Degrees" },
        { "value": "radians", "label": "Radians" }
      ]
    }
  ],
  "outputs": [
    {
      "id": "result",
      "label": "Result",
      "format": "number",
      "precision": 10,
      "highlight": true
    }
  ],
  "formula": {
    "description": "Parses and evaluates mathematical expressions using standard order of operations.",
    "formula": "Evaluates standard mathematical notation",
    "pseudocode": "1. Parse the expression\n2. Convert angle units if needed (degrees to radians for trig)\n3. Apply order of operations (PEMDAS)\n4. Evaluate functions: sin, cos, tan, log, ln, sqrt, etc.\n5. Return numerical result\n\nSupported operations: +, -, *, /, ^, %, sqrt, sin, cos, tan, asin, acos, atan, log, ln, exp, abs, factorial",
    "variables": [
      { "name": "sin/cos/tan", "description": "Trigonometric functions" },
      { "name": "asin/acos/atan", "description": "Inverse trigonometric" },
      { "name": "log", "description": "Base-10 logarithm" },
      { "name": "ln", "description": "Natural logarithm" },
      { "name": "sqrt", "description": "Square root" },
      { "name": "^", "description": "Exponentiation" },
      { "name": "!", "description": "Factorial" },
      { "name": "pi/e", "description": "Constants π and e" }
    ]
  },
  "formulaId": "scientific",
  "howToUse": "1. Type your mathematical expression in the input field\n2. Use standard notation: +, -, *, /, ^ for power\n3. Use functions like sin(x), cos(x), log(x), sqrt(x)\n4. Use parentheses to group operations\n5. Select degree or radian mode for trigonometry\n6. Press Enter or click Calculate for the result",
  "examples": [
    {
      "title": "Trigonometric Calculation",
      "description": "Calculate sin(30°) + cos(60°)",
      "inputs": {
        "expression": "sin(30) + cos(60)",
        "angleMode": "degrees"
      },
      "expectedOutputs": {
        "result": 1
      }
    },
    {
      "title": "Logarithmic Expression",
      "description": "Calculate log(100) + ln(e^2)",
      "inputs": {
        "expression": "log(100) + ln(e^2)",
        "angleMode": "degrees"
      },
      "expectedOutputs": {
        "result": 4
      }
    }
  ],
  "faq": [
    {
      "question": "How do I enter exponents?",
      "answer": "Use the ^ symbol for exponents. For example, 2^3 = 8. For square roots, use sqrt(x). For other roots, use fractional exponents like 8^(1/3) for cube root."
    },
    {
      "question": "What's the difference between log and ln?",
      "answer": "log is the base-10 logarithm (common log), while ln is the natural logarithm (base e). For example, log(100) = 2 because 10² = 100, and ln(e) = 1 because e¹ = e."
    },
    {
      "question": "When should I use radians vs degrees?",
      "answer": "Degrees are more intuitive for everyday use (360° = full circle). Radians are standard in calculus and physics (2π = full circle). Most calculators and programming languages default to radians."
    }
  ],
  "relatedCalculators": [
    { "slug": "percentage", "title": "Percentage Calculator" },
    { "slug": "fraction", "title": "Fraction Calculator" },
    { "slug": "triangle", "title": "Triangle Calculator" },
    { "slug": "standard-deviation", "title": "Standard Deviation Calculator" }
  ],
  "seo": {
    "title": "Scientific Calculator - Free Online Calculator with Advanced Functions",
    "description": "Free online scientific calculator with sin, cos, tan, log, ln, exponents, roots and more. Supports both degree and radian modes.",
    "keywords": ["scientific calculator", "online calculator", "sin cos tan calculator", "logarithm calculator", "advanced calculator", "math calculator"]
  },
  "isImplemented": true,
  "lastUpdated": "2024-12-01",
  "version": "1.0.0"
}
