{
  "slug": "standard-deviation",
  "title": "Standard Deviation Calculator",
  "shortTitle": "Std Dev",
  "category": "math",
  "description": "Calculate standard deviation, variance, mean, and other statistics for a data set.",
  "introduction": "Standard deviation measures how spread out numbers are from their average. Our statistics calculator computes standard deviation along with related measures including variance, mean, median, range, and more. Enter your data set and get both population and sample standard deviation – population if you have complete data, sample if your data represents a larger group. This tool is essential for students, researchers, quality control analysts, and anyone working with statistical data.",
  "icon": "📊",
  "inputs": [
    { "id": "data", "label": "Enter Numbers (comma separated)", "type": "text", "placeholder": "1, 2, 3, 4, 5", "helpText": "Enter numbers separated by commas or spaces", "validation": { "required": true } },
    { "id": "dataType", "label": "Data Type", "type": "radio", "defaultValue": "sample", "options": [{ "value": "population", "label": "Population (all data)" }, { "value": "sample", "label": "Sample (subset of data)" }] }
  ],
  "outputs": [
    { "id": "stdDev", "label": "Standard Deviation", "format": "number", "precision": 6, "highlight": true },
    { "id": "variance", "label": "Variance", "format": "number", "precision": 6 },
    { "id": "mean", "label": "Mean (Average)", "format": "number", "precision": 6 },
    { "id": "median", "label": "Median", "format": "number", "precision": 6 },
    { "id": "range", "label": "Range", "format": "number", "precision": 6 },
    { "id": "count", "label": "Count (n)", "format": "number", "precision": 0 },
    { "id": "sum", "label": "Sum", "format": "number", "precision": 6 },
    { "id": "min", "label": "Minimum", "format": "number", "precision": 6 },
    { "id": "max", "label": "Maximum", "format": "number", "precision": 6 }
  ],
  "formula": {
    "description": "Standard deviation measures spread of data around the mean.",
    "formula": "σ = √[Σ(xi - μ)² / N] (population)\ns = √[Σ(xi - x̄)² / (n-1)] (sample)",
    "pseudocode": "1. Calculate mean = sum of values / count\n2. Calculate squared differences from mean\n3. Sum squared differences\n4. Divide by N (population) or N-1 (sample)\n5. Take square root for standard deviation"
  },
  "formulaId": "standardDeviation",
  "examples": [{ "title": "Basic Data Set", "description": "Numbers 1 through 5", "inputs": { "data": "1, 2, 3, 4, 5", "dataType": "population" }, "expectedOutputs": { "stdDev": 1.414214, "mean": 3 }}],
  "faq": [
    { "question": "What's the difference between population and sample?", "answer": "Use population if your data includes ALL values (divide by N). Use sample if your data is a subset of a larger group (divide by N-1 for unbiased estimate)." },
    { "question": "What does standard deviation tell you?", "answer": "It measures how spread out data is. Low SD means data clusters near the mean; high SD means data is more spread out. In a normal distribution, ~68% of data falls within 1 SD of the mean." },
    { "question": "How is variance related to standard deviation?", "answer": "Variance is the square of standard deviation. SD is more intuitive because it's in the same units as the original data." }
  ],
  "relatedCalculators": [{ "slug": "percentage", "title": "Percentage Calculator" }, { "slug": "scientific", "title": "Scientific Calculator" }, { "slug": "gpa", "title": "GPA Calculator" }],
  "seo": { "title": "Standard Deviation Calculator - Statistics Calculator", "description": "Free standard deviation calculator with variance, mean, median, and more. Calculate population or sample statistics easily.", "keywords": ["standard deviation calculator", "statistics calculator", "variance calculator", "mean calculator", "data analysis"] },
  "isImplemented": false,
  "lastUpdated": "2024-12-01",
  "version": "1.0.0"
}
