{
  "slug": "subnet",
  "title": "Subnet Calculator",
  "shortTitle": "Subnet",
  "category": "other",
  "description": "Calculate IP subnet details including network address, broadcast, and host range.",
  "introduction": "Network administrators and IT professionals need to calculate subnet information frequently. Our subnet calculator provides complete details for any IP address and subnet mask combination. Enter an IP address with CIDR notation or subnet mask to get the network address, broadcast address, usable host range, number of hosts, and binary representations. Whether you're designing a network, troubleshooting connectivity, or studying for certifications like CCNA, this tool provides instant, accurate subnet calculations.",
  "icon": "🌐",
  "inputs": [
    { "id": "ipAddress", "label": "IP Address", "type": "text", "placeholder": "192.168.1.100", "defaultValue": "192.168.1.100", "helpText": "IPv4 address", "validation": { "required": true } },
    { "id": "subnetInput", "label": "Subnet Mask or CIDR", "type": "text", "placeholder": "/24 or 255.255.255.0", "defaultValue": "24", "helpText": "CIDR notation (/24) or dotted decimal", "validation": { "required": true } },
    { "id": "showBinary", "label": "Show Binary", "type": "radio", "defaultValue": "no", "options": [{ "value": "no", "label": "No" }, { "value": "yes", "label": "Yes" }] }
  ],
  "outputs": [
    { "id": "networkAddress", "label": "Network Address", "format": "text", "highlight": true },
    { "id": "broadcastAddress", "label": "Broadcast Address", "format": "text" },
    { "id": "subnetMask", "label": "Subnet Mask", "format": "text" },
    { "id": "wildcardMask", "label": "Wildcard Mask", "format": "text" },
    { "id": "cidr", "label": "CIDR Notation", "format": "text" },
    { "id": "firstHost", "label": "First Usable Host", "format": "text" },
    { "id": "lastHost", "label": "Last Usable Host", "format": "text" },
    { "id": "totalHosts", "label": "Total Hosts", "format": "number", "precision": 0 },
    { "id": "usableHosts", "label": "Usable Hosts", "format": "number", "precision": 0 },
    { "id": "ipClass", "label": "IP Class", "format": "text" },
    { "id": "ipType", "label": "IP Type", "format": "text", "helpText": "Public or Private" }
  ],
  "formula": {
    "description": "Binary AND operation between IP address and subnet mask.",
    "formula": "Network = IP AND Mask\nBroadcast = Network OR (NOT Mask)",
    "pseudocode": "1. Convert IP and mask to binary\n2. Network address = IP AND mask\n3. Broadcast = Network OR wildcard\n4. First host = Network + 1\n5. Last host = Broadcast - 1\n6. Usable hosts = 2^(32-CIDR) - 2"
  },
  "formulaId": "subnet",
  "examples": [{ "title": "Class C Network", "description": "192.168.1.100/24", "inputs": { "ipAddress": "192.168.1.100", "subnetInput": "24" }, "expectedOutputs": { "networkAddress": "192.168.1.0", "broadcastAddress": "192.168.1.255", "usableHosts": 254 }}],
  "faq": [
    { "question": "What is CIDR notation?", "answer": "CIDR (Classless Inter-Domain Routing) notation uses a slash followed by the number of network bits. /24 means 24 network bits (255.255.255.0), /16 means 16 bits (255.255.0.0)." },
    { "question": "Why are there fewer usable hosts than total?", "answer": "The network address (first) and broadcast address (last) can't be assigned to hosts. A /24 network has 256 addresses but only 254 usable hosts." },
    { "question": "What's a wildcard mask?", "answer": "The inverse of the subnet mask, used in ACLs and routing. Where subnet mask has 1s, wildcard has 0s, and vice versa. For /24: mask is 255.255.255.0, wildcard is 0.0.0.255." }
  ],
  "relatedCalculators": [{ "slug": "conversion", "title": "Conversion Calculator" }, { "slug": "password", "title": "Password Generator" }],
  "seo": { "title": "Subnet Calculator - IP Network & CIDR Calculator", "description": "Free subnet calculator for network address, broadcast, host range, and CIDR notation. Essential tool for network administrators.", "keywords": ["subnet calculator", "IP calculator", "CIDR calculator", "network calculator", "subnet mask calculator"] },
  "isImplemented": false,
  "lastUpdated": "2024-12-01",
  "version": "1.0.0"
}
