{
  "slug": "time",
  "title": "Time Calculator",
  "shortTitle": "Time",
  "category": "datetime",
  "description": "Add and subtract time, convert between time formats, and calculate time differences.",
  "introduction": "Time calculations can be tricky with hours, minutes, and seconds to manage. Our time calculator simplifies adding and subtracting time values, finding the difference between two times, and converting between formats. Whether you're calculating work hours, planning schedules, tracking exercise duration, or managing project timelines, this tool handles all the complexities of time arithmetic for you. It supports 12-hour and 24-hour formats and can span across midnight without confusion.",
  "icon": "⏰",
  "inputs": [
    { "id": "calculationType", "label": "Calculation Type", "type": "select", "defaultValue": "add", "options": [{ "value": "add", "label": "Add times together" }, { "value": "subtract", "label": "Subtract times" }, { "value": "difference", "label": "Time difference" }, { "value": "convert", "label": "Convert format" }] },
    { "id": "hours1", "label": "Hours", "type": "number", "placeholder": "8", "defaultValue": 8, "validation": { "min": 0, "max": 999 } },
    { "id": "minutes1", "label": "Minutes", "type": "number", "placeholder": "30", "defaultValue": 30, "validation": { "min": 0, "max": 59 } },
    { "id": "seconds1", "label": "Seconds", "type": "number", "placeholder": "0", "defaultValue": 0, "validation": { "min": 0, "max": 59 } },
    { "id": "hours2", "label": "Hours (2nd)", "type": "number", "placeholder": "2", "defaultValue": 2, "validation": { "min": 0, "max": 999 } },
    { "id": "minutes2", "label": "Minutes (2nd)", "type": "number", "placeholder": "45", "defaultValue": 45, "validation": { "min": 0, "max": 59 } },
    { "id": "seconds2", "label": "Seconds (2nd)", "type": "number", "placeholder": "0", "defaultValue": 0, "validation": { "min": 0, "max": 59 } }
  ],
  "outputs": [
    { "id": "result", "label": "Result", "format": "text", "highlight": true },
    { "id": "totalHours", "label": "Total Hours", "format": "number", "precision": 2 },
    { "id": "totalMinutes", "label": "Total Minutes", "format": "number", "precision": 0 },
    { "id": "totalSeconds", "label": "Total Seconds", "format": "number", "precision": 0 },
    { "id": "decimal", "label": "Decimal Hours", "format": "number", "precision": 4 }
  ],
  "formula": {
    "description": "Converts time to seconds, performs arithmetic, then converts back.",
    "formula": "Total seconds = hours×3600 + minutes×60 + seconds",
    "pseudocode": "1. Convert both times to total seconds\n2. Perform operation (add/subtract)\n3. Handle negative results if applicable\n4. Convert back to hours:minutes:seconds\n5. Normalize (carry over when seconds ≥ 60)"
  },
  "formulaId": "time",
  "examples": [{ "title": "Add Work Hours", "description": "8:30:00 + 2:45:00", "inputs": { "calculationType": "add", "hours1": 8, "minutes1": 30, "seconds1": 0, "hours2": 2, "minutes2": 45, "seconds2": 0 }, "expectedOutputs": { "result": "11:15:00" }}],
  "faq": [
    { "question": "How do I calculate hours worked?", "answer": "Enter your start time and end time, select 'Time difference'. For times crossing midnight, the calculator handles the day transition automatically." },
    { "question": "What are decimal hours?", "answer": "Time expressed as a decimal number where 1 = 1 hour. For example, 1 hour 30 minutes = 1.5 hours. Useful for payroll and billing calculations." },
    { "question": "Can I add more than 24 hours?", "answer": "Yes! Unlike a clock, our calculator doesn't wrap at 24 hours. You can add any amount of time and get totals exceeding 24 hours." }
  ],
  "relatedCalculators": [{ "slug": "date", "title": "Date Calculator" }, { "slug": "hours", "title": "Hours Calculator" }, { "slug": "age", "title": "Age Calculator" }],
  "seo": { "title": "Time Calculator - Add, Subtract & Calculate Time", "description": "Free time calculator to add and subtract time, find time differences, and convert between formats. Perfect for work hours and scheduling.", "keywords": ["time calculator", "add time", "time difference", "hours calculator", "time converter"] },
  "isImplemented": false,
  "lastUpdated": "2024-12-01",
  "version": "1.0.0"
}
