{
  "slug": "triangle",
  "title": "Triangle Calculator",
  "shortTitle": "Triangle",
  "category": "math",
  "description": "Calculate triangle area, perimeter, angles, and more from various inputs.",
  "introduction": "Our comprehensive triangle calculator solves any triangle when you provide enough information. Enter any combination of sides and angles, and the calculator will find all remaining measurements including area, perimeter, height, and circumradius. It handles right triangles, isosceles triangles, equilateral triangles, and scalene triangles. Whether you're solving geometry homework, planning construction projects, or calculating land areas, this tool provides accurate results with clear explanations of the formulas used.",
  "icon": "📐",
  "inputs": [
    { "id": "calculationType", "label": "What Do You Know?", "type": "select", "defaultValue": "sss", "options": [{ "value": "sss", "label": "3 sides (SSS)" }, { "value": "sas", "label": "2 sides + included angle (SAS)" }, { "value": "asa", "label": "2 angles + included side (ASA)" }, { "value": "aas", "label": "2 angles + opposite side (AAS)" }, { "value": "ssa", "label": "2 sides + opposite angle (SSA)" }, { "value": "right", "label": "Right triangle (a, b)" }] },
    { "id": "sideA", "label": "Side a", "type": "number", "placeholder": "3", "defaultValue": 3, "validation": { "min": 0.01 } },
    { "id": "sideB", "label": "Side b", "type": "number", "placeholder": "4", "defaultValue": 4, "validation": { "min": 0.01 } },
    { "id": "sideC", "label": "Side c", "type": "number", "placeholder": "5", "defaultValue": 5, "validation": { "min": 0.01 } },
    { "id": "angleA", "label": "Angle A (degrees)", "type": "number", "placeholder": "36.87", "validation": { "min": 0.01, "max": 179 } },
    { "id": "angleB", "label": "Angle B (degrees)", "type": "number", "placeholder": "53.13", "validation": { "min": 0.01, "max": 179 } },
    { "id": "angleC", "label": "Angle C (degrees)", "type": "number", "placeholder": "90", "validation": { "min": 0.01, "max": 179 } }
  ],
  "outputs": [
    { "id": "area", "label": "Area", "format": "number", "precision": 4, "highlight": true },
    { "id": "perimeter", "label": "Perimeter", "format": "number", "precision": 4 },
    { "id": "allSides", "label": "Sides (a, b, c)", "format": "text" },
    { "id": "allAngles", "label": "Angles (A, B, C)", "format": "text" },
    { "id": "height", "label": "Height", "format": "number", "precision": 4 },
    { "id": "triangleType", "label": "Triangle Type", "format": "text" }
  ],
  "formula": {
    "description": "Uses appropriate formulas based on given information: Law of Cosines, Law of Sines, Heron's formula.",
    "formula": "Heron's: Area = √(s(s-a)(s-b)(s-c)) where s = (a+b+c)/2\nLaw of Cosines: c² = a² + b² - 2ab·cos(C)",
    "pseudocode": "SSS: Use Heron's formula for area, Law of Cosines for angles\nSAS: Use Law of Cosines for third side, then SSS\nASA/AAS: Find third angle, use Law of Sines\nRight: Use Pythagorean theorem"
  },
  "formulaId": "triangle",
  "examples": [{ "title": "Classic 3-4-5 Right Triangle", "description": "Sides of 3, 4, and 5", "inputs": { "calculationType": "sss", "sideA": 3, "sideB": 4, "sideC": 5 }, "expectedOutputs": { "area": 6, "perimeter": 12 }}],
  "faq": [
    { "question": "What's the Pythagorean theorem?", "answer": "For right triangles: a² + b² = c² where c is the hypotenuse. It only works for right triangles (one 90° angle)." },
    { "question": "What if my triangle is impossible?", "answer": "The calculator will indicate if your inputs can't form a valid triangle. The sum of any two sides must be greater than the third side, and angles must sum to 180°." },
    { "question": "What's the difference between SSS, SAS, etc.?", "answer": "These describe what information you have. SSS = three sides, SAS = two sides and the included angle, ASA = two angles and the included side, etc." }
  ],
  "relatedCalculators": [{ "slug": "scientific", "title": "Scientific Calculator" }, { "slug": "percentage", "title": "Percentage Calculator" }, { "slug": "conversion", "title": "Conversion Calculator" }],
  "seo": { "title": "Triangle Calculator - Area, Angles, Sides & More", "description": "Free triangle calculator to find area, perimeter, angles, and sides. Supports SSS, SAS, ASA, AAS, and right triangles.", "keywords": ["triangle calculator", "triangle area", "law of cosines", "law of sines", "Pythagorean theorem"] },
  "isImplemented": false,
  "lastUpdated": "2024-12-01",
  "version": "1.0.0"
}
