{
  "$schema": "https://openapi.vercel.sh/vercel.json",
  "framework": "nextjs",
  "buildCommand": "npm run build",
  "devCommand": "npm run dev",
  "installCommand": "npm install",
  "regions": ["iad1"],
  "headers": [
    {
      "source": "/embed/(.*)",
      "headers": [
        {
          "key": "X-Frame-Options",
          "value": "ALLOWALL"
        },
        {
          "key": "Content-Security-Policy",
          "value": "frame-ancestors *"
        }
      ]
    },
    {
      "source": "/(.*)",
      "headers": [
        {
          "key": "X-Content-Type-Options",
          "value": "nosniff"
        },
        {
          "key": "X-XSS-Protection",
          "value": "1; mode=block"
        }
      ]
    }
  ],
  "rewrites": [
    {
      "source": "/sitemap.xml",
      "destination": "/api/sitemap"
    }
  ],
  "crons": []
}
